<?xml version="1.0" encoding="utf-8"?>
<!DOCTYPE nitf
 SYSTEM "http://www.nitf.org/IPTC/NITF/3.3/specification/dtd/nitf-3-3.dtd">
<nitf version="-//IPTC//DTD NITF 3.3//EN" change.date="June 10, 2005" change.time="19:30" id="art-158632005"> <head><title></title>
 <meta name="Author" content="Brian Bethune"/>
 <meta name="Editor" content=""/>
<meta name="PublisherName" content="Maclean's"/>
 <meta name="Subject1" content="MACLEAN’S BESTSELLERS"/>
 <meta name="Subject2" content=""/>
 <meta name="Subject3" content=""/>
 <meta name="Subject4" content=""/>
 <meta name="Subject5" content=""/>
 <meta name="Industry" content=""/>
 <meta name="Industry" content=""/>
 <tobject/>
 <docdata>
 <correction/>
 <doc-id/>
 <date.issue norm="20130109" />
 <date.release norm= "20131221" />
 <date.expire/>
 <doc-scope/>
 <series/>
 <key-list/>
</docdata>
	 
 <pubdata date.publication="20131221" name="Maclean's" number="02" volume="126" edition.area="" position.section="Maclean's Back Pages" position.sequence="56" />
 <revision-history/>
</head>
<body>
 <sections>Books</sections>
 
 <body.head>
 <hedline>MACLEAN’S BESTSELLERS</hedline>
 

 <byline>Compiled by Brian Bethune</byline>
 </body.head>
 
 <body.content>
 
  

 
 <p>FICTION </p>
 
 <p>1.	<em>DEAR LIFE </em>Alice Munro 	1 (12) </p>
 
 	<p>2.	<em>419</em> Will Ferguson	2 (11) </p>
 	
 	<p>3.	<em>FLIGHT BEHAVIOR</em>Barbara Kingsolver 7 (6) 		</p>
 	
 <p>4.	<em>SWEET TOOTH</em> Ian McEwan 8 (18) </p>
 
 
 <p>	5.	<em>THE CASUAL VACANCY</em> J.K. Rowling 5 (14) 		 </p>
 
 <p>	6.	<em>THE RACKETEER</em> John Grisham 6 (10) </p>
 
 <p>	7.	<em>A WEEK IN WINTER</em> Maeve Binchy 3 (7) </p>
 
 <p>	8.	<em>TWO GRAVES</em> Douglas Preston and Lincoln Child(1) 		</p>
 
 <p>	9.	<em>THE PURCHASE</em> Linda Spalding 9 (9) 		</p>
 
 <p>	10.	<em>GONE GIRL</em> Gillian Flynn (1) </p>
 
 <p>		NON-FICTION </p>
 
 <p>	1.	<em>THE INCONVENIENT INDIAN</em> Thomas King (1) 		</p>
 
 <p>	2.	<em>THE PATRIARCH</em> David Nasaw 6 (6) </p>
 
 <p>	3.	<em>THE WORLD UNTIL YESTERDAY</em> Jared Diamond (1) 		</p>
 
 <p>	4.	<em>WAGING HEAVY PEACE</em> Neil Young 1 (14) 		</p>
 
 <p>	5.	<em>ASSHOLES: A THEORY</em> Aaron James 4 (9) 		</p>
 
 <p>	6.	<em>THE LAST LION</em> William Manchester and Paul Reid 8 (9) 		</p>
 
 <p>	7.	<em>I’M YOUR MAN</em> Sylvie Simmons 2 (11) 		</p>
 
 <p>	8.	<em>THE UNTOLD HISTORY OF THE UNITED STATES</em> Oliver Stone and Peter Kuznick (1) 		</p>
 
 <p>	9.	<em>IRON CURTAIN</em> Anne Applebaum 5 (4) 		 </p>
 
 <p>	10.	<em>1982</em> Jian Ghomeshi 10 (16) </p>
 
 <p>	LAST WEEK (WEEKS ON LIST) </p>
 
 <em>ON THE WEB:</em>
 <p> Visit our Bookmarked blog for news and reviews on all things literary at macleans.ca/books</p>
 
 </body.content>
 
</body></nitf>
