<?xml version="1.0" encoding="utf-8"?>
<!DOCTYPE nitf
 SYSTEM "http://www.nitf.org/IPTC/NITF/3.3/specification/dtd/nitf-3-3.dtd">
<nitf version="-//IPTC//DTD NITF 3.3//EN" change.date="June 10, 2005" change.time="19:30" id="art-158632005"> <head><title></title>
 <meta name="Author" content=""/>
 <meta name="Editor" content=""/>
<meta name="PublisherName" content="Maclean's"/>
 <meta name="Subject1" content="2012"/>
 <meta name="Subject2" content="A sweep at the Grammys. A Diamond Jubilee. A devastating hurricane. All that, plus spectacular moments in politics, sports and world news, captured in this special section."/>
 <meta name="Subject3" content=""/>
 <meta name="Subject4" content=""/>
 <meta name="Subject5" content=""/>
 <meta name="Industry" content=""/>
 <meta name="Industry" content=""/>
 <tobject/>
 <docdata>
 <correction/>
 <doc-id/>
 <date.issue norm="20121212" />
 <date.release norm= "20121231" />
 <date.expire/>
 <doc-scope/>
 <series/>
 <key-list/>
</docdata>
	 
 <pubdata date.publication="20121231" name="Maclean's" number="52" volume="125" edition.area="" position.section="Year in Pictures" position.sequence="44" />
 <revision-history/>
</head>
<body>
 
  <sections>Year in Pictures</sections>
  
 <body.head>
 
  <hedline>2012</hedline>
  
  <abstract> A sweep at the Grammys. A Diamond Jubilee. A devastating hurricane. All that, plus spectacular moments in politics, sports and world news, captured in this special section.</abstract>
  
  </body.head>
  
 <body.content>
 
    <photo href="file://images/MAC_YIP_JAN06.jpg"/>

  
  <photo.caption><em>JANUARY  Giglio Island,  Italy</em> The wreck of the Costa Concordia cruise ship, which ran aground on a reef and finally came to rest near shore on Jan. 14, killing 32 and  injuring more than 60 <em>(Reuters) </em></photo.caption>
  
   <photo href="file://images/MAC_YIP_JAN02.jpg"/>
   
    <photo.caption><em>JANUARY Frankfurt,  Germany</em> A penguin  goes for a swim in a zoo <em>(Michael Probst/AP)</em></photo.caption>
  
 <photo href="file://images/MAC_YIP_FEB01.jpg"/>
 
   <photo.caption><em>FEBRUARY Pittsburg</em>h  The Penguins’ Evgeni Malkin stretches before an NHL game against the Tampa Bay Lightning <em>(Gene J. Puskar/AP)</em></photo.caption>
  
  <photo href="file://images/MAC_YIP_FEB03.jpg"/>
  
  <photo.caption><em>FEBRUARY Los Angeles</em> Singer Adele at the 54th Grammy Awards, winning in each of six categories she was nominated <em>(Lucy Nicholson/Reuters)</em></photo.caption>
  
    <photo href="file://images/MAC_YIP_FEB06.jpg"/>
    
  <photo.caption><em>Karachi, Pakistan</em> A labourer works at a small foundry, earning about $5.15 a day <em>(Fareed Khan/AP)</em></photo.caption>
  
  <photo href="file://images/MAC_YIP_MAR99.jpg"/>
  
  <photo.caption><em>MARCH Harrison, Tenn.</em> Tornadoes cut through the Midwest from Texas up through the Great Lakes <em>(Billy Weeks/AP)</em></photo.caption>
  
   <photo href="file://images/MAC_YIP_MAR02.jpg"/>

 <photo.caption><em>March New Delhi</em> A Tibetan exile protests a visit from Chinese President Hu Jintao to India <em>(reuters)</em> </photo.caption>
  
   <photo href="file://images/MAC_YIP_MAR04.jpg"/>

 <photo.caption><em>London</em> Catherine, duchess of Cambridge, plays hockey with Team GB at the Riverside Arena in the Olympic Park <em>(Chris Jackson/Reuters)</em></photo.caption>
  
   <photo href="file://images/MAC_YIP_APR08.jpg"/>

 <photo.caption><em>APRIL Pyongyang, North Korea</em> A choir sings during a concert to commemorate the 100th anniversary of the birth of Kim Il Sung <em>(david guttenfelder/ap)</em></photo.caption>
  
    <photo href="file://images/MAC_YIP_APR01.jpg"/>

<photo.caption><em>APRIL Pakistan</em> A group of men in the Malakand district, northwest of Islamabad,  use rope to right a supply truck overloaded with straw <em>(mian khursheed/reuters)</em></photo.caption>
  
    <photo href="file://images/MAC_YIP_MAY01.jpg"/>

<photo.caption><em>MAY Kandahar, Afghanistan</em>  A U.S. Army private takes cover during a controlled detonation  to clear an area to set up a checkpoint <em>(Shamil Zhumatov/Reuters)</em></photo.caption>
  
   <photo href="file://images/MAC_YIP_MAY09.jpg"/>

 <photo.caption><em>MAY Vietnam</em> Ducks on their way to a market in Ha Nam province, outside Hanoi <em>(nguyen huy kham/ reuters)</em></photo.caption>
  
   <photo href="file://images/MAC_YIP_MAY06.jpg"/>

 <photo.caption><em>Somalia</em> African Union soldiers before they advance on a town west of Mogadishu to fight al-Shabaab militants <em>(stuart price/reuters)</em></photo.caption>
  
  <photo href="file://images/MAC_YIP_JUN04.jpg"/>

  <photo.caption><em>JUNE London</em> Prince William  and his wife, Kate, board a ship to watch a Diamond Jubilee flotilla of more than 1,000  vessels on the Thames River,  the largest such event in 350  years <em>(uK Press/KEYSTONE Press)</em></photo.caption>
  
  <photo href="file://images/MAC_YIP_JUN02.jpg"/>


  <photo.caption><em>JUNE Niagara Falls, Ont.</em> Daredevil Nik Wallenda, the ‘King of the Wire,’ halfway through his 25-minute tightrope walk over the Falls <em>(Frank Gunn/CP)</em></photo.caption>
  
   <photo href="file://images/MAC_YIP_JUN01.jpg"/>

 <photo.caption><em>Sicamous, B.C.</em> A local state of emergency is called after the area is inundated by heavy rain, flooding and mudslides <em>(JONATHAN HAYWARD/CP)</em></photo.caption>
  
  <photo href="file://images/MAC_YIP_JUL01.jpg"/>

  <photo.caption><em>JULY Pamplona, Spain</em>  A participant is tossed  during the running of the bulls of the San Fermin festival  <em>(Daniel Ochoa de Olza/AP)</em></photo.caption>
  
   <photo href="file://images/MAC_YIP_JUL07.jpg"/>

 <photo.caption><em>JULY Glen Allen, Va.</em> Barack Obama steps up his campaigning as polls showed a tight presidential race with Republican Mitt Romney <em>(JASON REED/REUTERS)</em></photo.caption>
  
    <photo href="file://images/MAC_YIP_JUL06.jpg"/>

<photo.caption><em>Ottawa</em> Prime Minister Stephen Harper at the Canada Day celebrations <em>(steve simon) </em></photo.caption>
  
    <photo href="file://images/MAC_YIP_AUG02.jpg"/>

<photo.caption><em>AUGUST New York City</em> Carly Rae Jepsen sings Call Me Maybe to young fans for NBC’s Today show <em>(Brendan McDermid/Reuters)</em></photo.caption>
  
   <photo href="file://images/MAC_YIP_AUG03.jpg"/>

 <photo.caption><em>AUGUST Bucharest, Romania</em> A bride poses for the camera at the Arch of Triumph after being ‘kidnapped’ on her wedding night <em>(Vadim Ghirda/AP)</em></photo.caption>
  
    <photo href="file://images/MAC_YIP_OLYMPICS01.jpg"/>

<photo.caption><em>London</em> Gabrielle Douglas of the U.S. on the balance beam during the women’s individual gymnastics final at the North Greenwich Arena <em>(Dylan Martinez/Reuters)</em></photo.caption>
  
    <photo href="file://images/MAC_YIP_OLYMPICS05.jpg"/>

<photo.caption><em>AUGUST London</em> Canada’s  Jennifer Abel and Émilie Heymans in mid-dive during the women’s synchronized 3-m springboard final <em>(julia vynokurova/getty images)</em></photo.caption>
  
  <photo href="file://images/MAC_YIP_OLYMPICS03.jpg"/>

  <photo.caption><em>AUGUST London</em> Jamaica’s Usain Bolt crosses the finish line ahead of the pack to  win gold in the men’s 100-m final at the Olympic Stadium  <em>(david j. phillip/ap)</em></photo.caption>
  
   <photo href="file://images/MAC_YIP_SEP05.jpg"/>

 <photo.caption><em>SEPTEMBER Democratic Republic of the Congo</em> The Lesula monkey is only the second new species of African monkey discovered in 28 years <em>(reuters) </em></photo.caption>
  
    <photo href="file://images/MAC_YIP_SEP06.jpg"/>

<photo.caption><em>SEPTEMBER Sivakasi, India</em> People run for cover as smoke rises from the site of a blaze at a fireworks factory, which killed 52 people <em>(ap)</em></photo.caption>
  
  <photo href="file://images/MAC_YIP_SEP03.jpg"/>

  <photo.caption><em>Montreal</em> New Quebec Premier Pauline Marois is led off the stage during her victory speech, interrupted by a shooting in the building <em>(Paul chiasson/cp)</em></photo.caption>
  
  <photo href="file://images/MAC_YIP_OCT02.jpg"/>

  <photo.caption><em>OCTOBER Above  Roswell, N.M.</em> Austrian Felix Baumgartner, 43, became  the first skydiver to go faster than the speed of sound, reaching a velocity of 1,342 km/h when he jumped out  of a balloon 39 km above  New Mexico. He also smashed the record for the highest-ever freefall. <em>(UPPA)</em></photo.caption>
  
   <photo href="file://images/MAC_YIP_OCT07.jpg"/>

 <photo.caption><em>OCTOBER Hoboken, N.J.</em> Taxis sit in a flooded lot in the wake of hurricane Sandy <em>(Michael Bocchieri/Getty images)</em></photo.caption>
  
  <photo href="file://images/MAC_YIP_OCT05.jpg"/>

  <photo.caption><em>OCTOBER Union Beach, N.J.</em> A house damaged by hurricane Sandy, one of the most destructive natural disasters to ever hit the U.S. Northeast <em>(eric thayer/reuters)</em></photo.caption>
  
   <photo href="file://images/MAC_YIP_OCT06.jpg"/>

 <photo.caption><em>Seaside Heights, N.J.</em> Waves break against a crumpled roller coaster at an amusement park destroyed by the storm <em>(Mario Tama/GETTY IMAGES)</em></photo.caption>
  
  <photo href="file://images/MAC_YIP_NOV01.jpg"/>

  <photo.caption><em>NOVEMBER Chicago</em> Michelle and Barack Obama celebrate the presidential victory with Vice President Joe Biden and his wife, Jill <em>(Chris Carlson/AP)</em></photo.caption>
  
  <photo href="file://images/MAC_YIP_NOV04.jpg"/>

  <photo.caption><em>NOVEMBER Los Angeles</em> Jenny McCarthy kisses Justin Bieber as he accepts an award at the American Music Awards <em>(Danny Moloshok/Reuters)</em></photo.caption>
  
   <photo href="file://images/MAC_YIP_DEC02.jpg"/>

 <photo.caption><em>DECEMBER Kenya</em> The nomadic Maasai people register to vote using biometric computer equipment to decrease chance of fraud <em>(CARL DE SOUZA/AFP/Getty Images)</em></photo.caption>
  
  <photo href="file://images/MAC_YIP_DEC01.jpg"/>

  <photo.caption><em>The Philippines</em> Rescuers evacuate survivors of typhoon flooding that killed 332 people and left hundreds more missing <em>(Erik de Castro/Reuters)</em></photo.caption>
  
    <photo href="file://images/MAC_YIP_DEC77.jpg"/>

<photo.caption><em>DECEMBER Glasgow,  Scotland</em> More than 1,000 people take part in the annual five-kilometre Glasgow Santa Dash <em>(jeff j. mitchell/getty)</em></photo.caption>

</body.content>
  
</body></nitf>
