<?xml version="1.0" encoding="utf-8"?>
<!DOCTYPE nitf
 SYSTEM "http://www.nitf.org/IPTC/NITF/3.3/specification/dtd/nitf-3-3.dtd">
<nitf version="-//IPTC//DTD NITF 3.3//EN" change.date="June 10, 2005" change.time="19:30" id="art-158632005"> <head><title></title>
 <meta name="Author" content=""/>
 <meta name="Editor" content=""/>
<meta name="PublisherName" content="Maclean's"/>
 <meta name="Subject1" content="Letters"/>
 <meta name="Subject2" content=""/>
 <meta name="Subject3" content=""/>
 <meta name="Subject4" content=""/>
 <meta name="Subject5" content=""/>
 <meta name="Industry" content=""/>
 <meta name="Industry" content=""/>
 <tobject/>
 <docdata>
 <correction/>
 <doc-id/>
 <date.issue norm="20130102" />
 <date.release norm= "20131214" />
 <date.expire/>
 <doc-scope/>
 <series/>
 <key-list/>
</docdata>
	 
 <pubdata date.publication="20131214" name="Maclean's" number="01" volume="126" edition.area="" position.section="Letters" position.sequence="6" />
 <revision-history/>
</head>
<body>
  
  <sections>Letters</sections>
  
  <body.head>
  
  <hedline>Letters</hedline>
  
  </body.head>
    
  <photo href="file://images/MAC01_LETTERS22.jpg"/>
    
  <photo.byline>Samuel King Jr./U.S. Air Force/AP</photo.byline>
    
  <body.content>
  
    <p>A thousand words</p>
    
    <p>When I picked up my copy of <em>Maclean’s</em> Year in Pictures (Dec. 24) and saw that little boy’s beaming face on the front cover, my heart jumped with delight. It put a big, happy smile on my face to see how the heart of a child at play cannot be held down by the imposing and sombre world around him. Thank you for reminding me that in the heart of child lives hope and wonder and joy.</p>
    
    <p><em>Marjonneke Grech, Burlington, Ont.</em></p>
    
    <p>There and everywhere</p>
    
    <p>Martin Patriquin’s report on the Quebec construction industry (“The foundation of corruption,” National, Jan. 7) is one of the best-written and -researched articles I have ever read. I worked in the construction industry for most of my career across Canada, including Quebec. All that Patriquin described can easily happen if you have a system, and people, who are so readily prepared to line their pockets.</p>
    
    <p><em>Mike Ryan, Summerside, P.E.I.</em></p>
    
    <p>Give it a royal rest</p>
    
    <p>I very much look forward to receiving my <em>Maclean’s</em> every week. I know that I will be educated, infuriated, entertained and confused. With so many important issues facing Canada and the world today, I ﬁnd it laughable and annoying that 17 or so pages have been allocated to nothing more than a glorified gossip section displaying rehashed paparazzi photos of the British royals’ baby pictures throughout the decades (“The royal baby album,” Royal Baby, Dec. 24). Please, get back to the formula that makes <em>Maclean’s</em> so great: thought-provoking articles on relevant topics, not a picture show of a barely pregnant princess.</p>
    
    <p><em>David Cuviello, Welland, Ont.</em></p>
    
  
    <p>I love it when <em>Maclean’s</em> features those gigantic spreads on the royal family, 25 pages this time. By omitting this section it gives me more time to spend with my own family—something that really matters.</p>
    
    <p><em>John Gatsis, Toronto</em></p>
    
    <p>Winners and losers</p>
    
    <p>As a hockey fan, I too have a tremendous amount of dislike for Gary Bettman and Donald Fehr. But to include them in your list of “newsmaker villains” (“Rogues’ Gallery,” Newsmakers, Dec. 17)—with a pedophile, several murderers and two insane presidents of war-torn countries—is surely excessive! </p>
    
    <p><em>Patrick Nelson, Toronto</em></p>
    
 
    
    <p>The behaviour of Paul Watson, the founder of animal rights group Sea Shepherd, who was arrested for an attack on shark hunters, is the nautical equivalent of a vegan driving on the wrong side of the road to force a truck carrying beef into a ditch. Not all the lives he risks are his to risk.</p>
    
    <p><em>Stuart Mills, Fredericton, N.B.</em></p>
    
    <p>You included transgendered beauty pageant contestant Jenna Talackova in the “defeated” category of your Newsmakers issue (“Down and out,” Newsmakers, Dec. 17). But that was no defeat: she was allowed to compete and, as you point out, she went on to win Miss Congeniality. That seems to be a great victory for Talackova and for the transgender community as a whole.</p>
    
    <p><em>Logan Burris, Calgary</em></p>
    
    <p>The sound and the glory</p>
    
    <p>Thank you for the intelligent and interesting article on the rise of young, charismatic pipe organists (“The key to survival,” Music, Jan. 7). However, I was disappointed that the story gave such short shrift to the beautiful music still offered in thousands of churches every Sunday by “blue-haired church marms” and greybeards like myself. Good church organ-playing and the community singing that it supports so well are a lot like hockey on natural ice: not as common as it used to be, but a joyful relief from our passive, dollar-driven, star-obsessed society. They take us somewhere different, and good.</p>
    
    <p><em>David Berry, Victoria </em></p>
    
    <p>It’s a wild world</p>
    
    <p>While I heartily applaud Ken MacQueen’s interview with Jim Sterba, author of <em>Nature Wars</em> (Interview, Dec. 24), it still makes me want to tear my hair that so many people need to be told that Bambi is not real. The wild is not a “warm and fuzzy” place. Predators who are not hunted by humans lose their fear of us. Problems with marauding predators are not caused by “human encroachment on their territory,” as many like to claim. The cougars and bears are multiplying to the point where they are encroaching on territory we settled long ago. Here on Vancouver Island we have the densest populations of wolves and cougars in the world; attacks on livestock are, unfortunately, not rare (often the predator doesn’t even eat what it killed) and every few years a cougar pounces on a human. Yes, wolves, bears and cougars are beautiful and magniﬁcent. We have plenty of them. Hunters are stewards of the wild. We need more hunters. Ask any farmer!</p>
    
    <p><em>Willi Boepple, Saanich Peninsula, B.C.</em></p>
    
    <p>Drug report</p>
    
    <p>I thought Anne Kingston’s article “ ‘A national embarrassment’ ” (National, Nov. 26) was the best I have ever read concerning the prescription drug problem. And it was just another example of your excellent magazine, which I have subscribed to for over 20 years. Please keep up the good reporting.</p>
    
    <p><em>Ronald Kittiel, Toronto</em></p>
    
    <p>Fighting the fighter jets</p>
    
    <p>There is a great deal of misinformation making the rounds on the F-35 costs as a potential acquisition by Canada (“There’s a silver lining in the cloudy F-35 fiasco,” From the Editors, Jan. 7). What appear to be huge cost escalations are really discrepancies of not comparing apples to apples. The initial cost to buy 65 F-35 airplanes was $9 billion. With minor escalations, that is still the case. Initially, the lifespan of the airplanes was considered to be 20 years. The total operating cost over that period was estimated to be about $11 billion, added to the $9 billion for the hardware came to $20 billion. Some considered a 20-year lifespan too short. It was extended to 30 years, adding another $10 billion. KPMG noted that the CF-18 has been in service for 40 years. They expanded the estimated lifespan for the F-35 to 42 years, adding another $15 billion for a total of $45 billion. This is not a case of a huge cost overrun. It costs about $9 billion to buy 65 airplanes and about $36 billion to run an air force for the next 42 years to operate the airplanes.</p>
    
    <p><em>Peter Scholz, Georgetown, Ont.</em></p>
    
 
    
    <p>There is no silver lining in the F-35 fiasco! You comment that “only $335 million has been spent” so far on the F-35 program, and admit it is a lot of money but a paltry sum compared with the $45 billion for the entire F-35 purchase. Yet $335 million is an exorbitant, inexcusable amount, especially during this recessionary period. And does that include the cost that KPMG billed Stephen Harper for their services, which simply veriﬁed what the opposition parties, the parliamentary committees, the parliamentary budget officer and the federal auditor general have been warning us about all along?</p>
    
    <p><em>Vasco Piccinin, Sudbury, Ont.</em></p>
    
 
    
    <p>While the government clearly “stonewalled and obfuscated” in the F-35 fiasco, the parliamentary budget officer has been equally less than straightforward in trying to blue-sky the aircraft’s costs over 40 years. To try to determine—guess, really—these total costs, including inﬂation, one would have to include everything necessary for the lifetime combat effectiveness of each aircraft, including total maintenance, all required tools and equipment, the price of fuel and fees for total aircrew and ground crew costs. Not only are the long-term estimates ridiculous, they would be about the same for any competitive aircraft. All that is really required is the combat-ready initial purchase price of each aircraft, including special equipment unique to each model and to the maintenance of such special equipment. All else is just pie in the sky.</p>
    
    <p><em>Alexander McKay, Calgary</em></p>
    
    <p>The world inventory of weaponry can already kill the Earth’s population many times over. Where is the proof of need for more? What countries are we “defending” against that 65 jets and a few warships could stop? Why not instead arm our forces with all that is necessary to heal the wounded, to help those displaced by war? If we need an excuse to do this necessary work, think of the many friends we would cultivate worldwide as a defence against our imagined enemies.</p>
    
    <p><em>Terry Patten, North Vancouver, B.C.</em></p>
    
    <p>No sex in the mosque, please</p>
    
    <p>
      <em>A mosque is a place of worship for all local Muslims to come together and pray together (“Rise of gay mosques,” International, Jan. 7). The purpose of a mosque, and any place of worship, is to unite mankind in faith. It is not a place to discuss sexuality. To build separate mosques based upon one’s sexuality defeats the purpose of a mosque, which is to negate one’s own self and instead focus upon the omnipotent Creator.</em>
   </p>
    
    <p><em>Maidah Ahmad, Barrie, Ont.</em></p>
    
    <p>If only it were that easy</p>
    
    <p>While I too admire Steven Spielberg’s latest cinematic feat, I cannot agree with Preston Manning’s interpretation of the lessons <em>Lincoln</em> offers sitting politicians (“Lessons from <em>Lincoln</em>,” International, Dec. 24). Our politicians would be hard-pressed to find inspiration in the post-Civil War period. The surrender at Appomattox, Va., did not signal the start of reunification as Manning claims. When the Northern troops were withdrawn in 1877, recently readmitted Southern states were free to impose segregation, and they did so with impunity into the 1960s—when (again) the National Guard was sent in to oversee desegregation. Lastly, readers of Manning’s commentary should be mindful that between the Civil War and 1960, some 5,000 (a conservative estimate) African-Americans died at the hands of vigilantes who resisted the imposition of the three amendments to the constitution granting African-Americans their freedom and rights as citizens. </p>
    
    <p><em>Debra Lindsay, Saint John, N.B.</em></p>
    
    
    
    <p>A copy of Preston Manning’s article should be sent to each member of the U.S. Congress and to President Barack Obama himself!</p>
    
    <p><em>Walter Somerville, Lakefield, Ont.</em></p>
    
    <p>Corrections</p>
    
    <p>In the <em>Newsmakers</em> section of our Dec. 17 issue, Alberta Premier Alison Redford was referred to as a single mom. This is incorrect. <em>Maclean’s</em> regrets the error.</p>
    
     
    <p>A photo accompanying “In the lobby” (Power List, Dec. 3) showed a woman holding a sign for People for the Ethical Treatment of Animals (PETA) next to an item about the World Society for the Protection of Animals Canada, which has no relationship with PETA.</p>
    
 </body.content>
    
</body></nitf>
