<?xml version="1.0" encoding="utf-8"?>
<!DOCTYPE nitf
 SYSTEM "http://www.nitf.org/IPTC/NITF/3.3/specification/dtd/nitf-3-3.dtd">
<nitf version="-//IPTC//DTD NITF 3.3//EN" change.date="June 10, 2005" change.time="19:30" id="art-158632005"> <head><title></title>
 <meta name="Author" content="Jason Kirby, Tamsin McMahon, Rosemary Westwood, Nick Taylor-Vaisey and Mika Rekai"/>
 <meta name="Editor" content=""/>
<meta name="PublisherName" content="Maclean's"/>
 <meta name="Subject1" content="99 stupid things  the government did with your money"/>
 <meta name="Subject2" content="Luxury hotels, hemp body cream, and subsidized hip-hop concerts—our second-annual list of waste shows spending by all levels of government is still out of control"/>
 <meta name="Subject3" content=""/>
 <meta name="Subject4" content=""/>
 <meta name="Subject5" content=""/>
 <meta name="Industry" content=""/>
 <meta name="Industry" content=""/>
 <tobject/>
 <docdata>
 <correction/>
 <doc-id/>
 <date.issue norm="20130102" />
 <date.release norm= "20131214" />
 <date.expire/>
 <doc-scope/>
 <series/>
 <key-list/>
</docdata>
	 
 <pubdata date.publication="20131214" name="Maclean's" number="01" volume="126" edition.area="" position.section="National" position.sequence="16" />
 <revision-history/>
</head>
<body>
  
  <sections>National</sections>
    
  <body.head>
    <slug>Spending</slug>
    
     <hedline>99 stupid things  the government did with your money</hedline>
    
    <abstract>Luxury hotels, hemp body cream, and subsidized hip-hop concerts—our second-annual list of waste shows spending by all levels of government is still out of control</abstract>
    
         <byline>By Jason Kirby, Tamsin McMahon, Rosemary Westwood, Nick Taylor-Vaisey and Mika Rekai</byline>
         
 </body.head>
    
  <body.content>
  
  <p>For taxpayers concerned with out-of-control government spending, 2012 started on a bright enough note. Last January, the Department of National Defence announced it wanted to buy 20,000 custom-printed stress balls for its staff. Once Defence Minister Peter MacKay caught wind of the plan, he quickly cancelled the contract, calling it an “unnecessary expense of taxpayer money.”  Noble words, but it was a brief reprieve. As Maclean’s found once again when researching this project, whether it was Ottawa, the provinces, municipalities or the organizations they oversee, governments couldn’t help themselves when it came to doling out cash. What follows is but a fraction of the foolish, wasteful and blatantly stupid ways governments found to spend taxpayers’ money.  To uncover this year’s 99 items we pored over press releases and auditor generals’ reports, sifted through proactive disclosure statements and delved into media databases across the country, ferreting out examples of spending that occurred in 2012 or came to light last year.  There will be those who take issue with some items on this list, arguing, for instance, that funding rock concerts boosts the economy. But the reality is that at every level of government, we’re in far worse fiscal shape than we were even a year ago, despite all the talk of cutbacks and austerity. And as this list makes clear, those who control the public purse have yet to really change their ways.</p>
  
 
    <p>Sports &amp; Leisure — when blowing money is the name of the game </p>
    
    <p>1  <em>Bad slice:</em> The City of Abbotsford, B.C. handed a $115,000 “one-time grant” to a struggling municipal golf course, claiming its problems stem, in part, from poor weather. In a report, city staff said “good weather” was among the things “being worked on” to turn it around. </p>
    
    <p>2  <em>Sore loser:</em> Former Regina mayor Pat Fiacco expensed more than $4,000 worth of tickets to sporting events, including $1,055 for Montreal Alouettes season’s tickets, nearly 3,000 km away. The tickets were the result of a bet Fiacco made with former Montreal mayor Gérald Tremblay that the Saskatchewan Roughriders would beat the Alouettes in the 2010 Grey Cup. The Riders lost—and so did Regina taxpayers.</p>
    
    <p>3  <em>Cheap seats:</em> Sam Katz, mayor of Winnipeg, is a big fan of the Blue Bombers, but apparently not enough to pay for tickets out of his own pocket. The mayor billed taxpayers $2,033 for a pair of season’s tickets, even though critics pointed out that other politicians, like Premier Greg Selinger, paid for their own sporting tickets.</p>
    
    <p>4  <em>Losing bet:</em> Vancouver Canucks goalie Roberto Luongo clearly knows when to hold ’em and fold ’em. The B.C. Lottery Corp. paid him $160,000 last year for an endorsement deal that included a $10,000 entry fee into the World Series of Poker event in Las Vegas—pocket change for a man with a decade left on a $64-million hockey contract.</p>
    
    <p>5  <em>Le’go the money:</em> Ontario’s Municipal Property Assessment Corp. spent $170,000 on a one-day team-building event that included an exercise playing with Lego.</p>
    
    <p>6  <em>Out of bounds:</em> The City of Whitehorse coughed up $1.3 million for Mount Sima, a struggling nearby ski hill. The money was diverted from the city’s infrastructure fund, which had been topped up by the federal government. That was on top of $1.6 million the city gave the hill a year earlier for a ski lift. </p>
    
  
    <p><em>Meanwhile:</em> Ottawa shovelled $1.5 million into 10 Quebec snowmobile clubs for snow grooming (7); the feds pumped $13,000 into a Tsawwassen lawn bowling club in Delta, B.C., to create “jobs, growth and long-term economic prosperity” (8); the City of Ottawa spent $48,000 on a “deluxe” three-sided bike cage for city employees (9); Saanich, B.C., faces an $818,000 deficit on the city-owned Cedar Hill golf course (10); Kitchener, Ont., transferred $1 million into a “golf stabilization reserve fund” to prop up two money-losing golf courses (11).</p>
    
    
    <p>Other folks’ money — corporate handouts and subsidies for all  </p>
    
    <p>12  <em>Korpporät welfår:</em> Ikea is a Swedish retailing behemoth rolling in kronor, but when it came to opening its first store in Winnipeg, that didn’t stop the city and province from offering a combined $22 million in subsidies. Did we mention Ikea’s annual sales of $30 billion are roughly three times what Manitoba brings in each year from all forms of taxes, fees and transfers?</p>
    
    <p>13 <em>Paper chase:</em> In December 2011, Nova Scotia’s provincial government handed $24 million to the owner of the Bowater Mersey paper mill in return for a swath of company land in the hopes of staving off its closure. By June the mill had gone out of business. </p>
    
    <p>14 <em>Something fishy:</em> For more than a decade, Supreme Sturgeon and Caviar of New Brunswick raked in some $3 million in grants and loans from the federal government before falling into receivership in 2010. Resurrected by new owners as Breviro Caviar, it’s now back in the subsidy business, winning $200,000 from Ottawa in marketing funds and $50,000 to “hire expertise in caviar production.”</p>
    
    <p>15 <em>Flat battery:</em> The B.C. government said it would spend $2.7 million to build hundreds of electric-car-charging stations across the province in an effort to encourage drivers to buy vehicles such as the Chevy Volt and Nissan Leaf. That’s in addition to a $5,000 rebate to drivers. Yet just 210 electric vehicles have been sold in the province—effectively translating into an $18,000 per vehicle subsidy for the carmakers.</p>
    
    <p><em>Meanwhile:</em> Four months after getting $3.8 million from New Brunswick to create 300 new jobs, Radian6, a social media monitoring firm, said it would slash 100 jobs globally (16); a CBC News analysis found $20 million doled out by Newfoundland to attract out-of-province business generated just 58 full-time jobs (17).</p>
    

<p>Cultured club — the same old song and dance for taxpayers</p>

  <p>18 <em>TV time:</em> British Columbians saw $48,000 go to bringing <em>Entertainment Tonight Canada</em> to Vancouver for three days. Included in the provincial payout was $16,000 in airfare from Toronto and $12,000 worth of hotel accommodations.</p>
    
    <p>19  <em>Tear down the haul:</em> The federal government subsidized Quebec City’s summer festival to the tune of $1 million, in part to help pay for a show by former Pink Floyd band member Roger Waters. The Plains of Abraham was the last stop on the aging rocker’s Wall Tour, which earned a total of $158 million from worldwide ticket sales. </p>
    
    <p>20  <em>Party on:</em> The B.C. government sponsored a $3-million rock music tour last summer called JobFest, where attendees (when there were any) were offered on-site career counselling. Roughly $100,000 went to promotional kits, including glow sticks, guitar picks and glossy posters, mailed out to local businesses and media. </p>
    
    <p>21 <em>Moving pictures:</em> Winnipeg city council voted to spend $10,000 to transfer a work of art from the old Winnipeg airport to the University of Manitoba, even though city staff recommended denying the request.</p>
    
    <p>22  <em>Stamped out:</em> 2012 marked the 100th anniversary of the Calgary Stampede, and though it bills itself as the “Greatest Show on Earth,” the federal government still felt the need to kick in $5 million to promote it—including putting a chuckwagon food truck in New York City. </p>
    
    <p>23  <em>A black eye:</em> In May, Halifax councillors voted to cut a cheque for $360,000 to cover bad debts stemming from a money-losing Black Eyed Peas concert two years earlier.</p>
    
    <p>Showing off — The price of looking good is on the rise </p>
    
    <p>24  <em>Maybe he’s born with it:</em> Not one to be caught without his game face on, it was revealed the office of Finance Minister Jim Flaherty expensed $130 worth of cosmetics for an apparent beauty emergency ahead of a televised budget announcement. Flaherty’s staff scrambled to purchase concealer, blush, loose powder and shaving supplies to do the minister’s makeup after a cosmetician cancelled at the last minute. For anyone wanting to replicate the look, Flaherty wears a combination of Maybelline, CoverGirl and Smashbox. </p>
    
    <p>25 <em>Funny money:</em> The Bank of Canada spent nearly $40,000 to promote its new $20 bill. The spending included $35,832 to a company to design and install seven-storey images of the new polymer note on the bank’s headquarters in downtown Ottawa in May. In total, spending to promote the new bill equalled 1,942 of the new $20 notes.</p>
    
    <p>26  <em>Fumble for fame:</em> Four small cities, including Guelph, Ont., and Langley, B.C., forked over a total of roughly $100,000 to have former football great Terry Bradshaw appear in short promos about them that were meant to attract new American business to small-town Canada. The videos found airtime mostly off hours, while the famous QB, who narrates the promos, couldn’t sound more bored. </p>
    
    <p>27  <em>Over-planned:</em> The recession may have ended a while ago, but that hasn’t stopped Stephen Harper’s government from spending millions on advertisements featuring its Economic Action Plan stimulus slogan. The government spent $16 million in three months on feel-good commercials about Canada’s economic prosperity.</p>
    
    <p>28 <em>Top gun:</em> Despite getting a mock jet for free from manufacturer Lockheed Martin, Defence Minister Peter MacKay still managed to spend $47,000 on a 2010 press conference where he posed with the fake plane.</p>
    
    <p>29  <em>Centless spending:</em> Eliminating the penny was supposed to save the government, but not without a final splurge. Finance Minister Jim Flaherty stamped the last Canadian penny in a photo op that cost $56,000.</p>
    
    <p>30  <em>Gold medal waste:</em> The federal government spent at least $4.5 million on ads that ran during the two weeks of the London Olympics, but shelled out just $214,000 to Canadian athletes who won medals during the Games.</p>
    
    <p><em>Meanwhile:</em> Jason Kenney’s department spent almost $750,000 monitoring what ethnic media were saying about the immigration minister and his ministry while denying the exercise was politically motivated (31); B.C. Premier Christy Clark’s office spent $64 million on ad campaigns, twice that of her predecessor (32); the City of Ottawa spent $3,500 on a consultant to teach firefighters how to talk to the media, despite having a communications staff of 44, many of whom were capable of doing it themselves (33); the Town of Innisfil, Ont., spent four years and $42,000 on outside consultants to design a new logo, even though a local graphic designer offered them a logo she designed for free (34).</p>
    
    <p>See the world — So long as it’s on the  taxpayer’s dime </p>
    
    <p>35  <em>Down under:</em> Claude Benoit, CEO for the Old Port of Montreal, billed taxpayers $10,100 for a 29-day trip she took with a friend to Australia and New Zealand, claiming she was working for part of the trip. In 2012 the federal government asked the auditor general to probe Benoit’s spending after a series of unusual bills, including $7,100 for trips to Sweden and Florida and $38,000 for catered meals to the port offices.</p>
    
    <p>36  <em>Vacant splendour:</em> Alberta spent nearly $114,000 on more than a dozen unoccupied rooms at a five-star hotel in London during the Summer Olympic Games. The province had planned to send 47 people to London to promote Alberta tourism, but scaled back, leaving the rooms at the $850-a-night Le Meridien Piccadilly empty.</p>
    
    <p>37  <em>Working holiday:</em> Councillors in Central Saanich, B.C., didn’t think to check on their colleague Terry Siklenka after giving him a six-month paid leave of absence worth $6,000. If they had, they would have learned he was still hard at work—having taken a job on the side in the Cayman Islands. Only after a media uproar ensued was Siklenka forced to resign.</p>
    
    <p>38  <em>Fumble for fame:</em> B.C.’s Liberal Speaker, Bill Barisoff, his deputy, NDP Claire Trevena, and a clerk billed taxpayers to take their spouses on a junket to Africa, with at least one couple travelling business class at a cost of $7,000 each.</p>
    
    <p><em>Meanwhile:</em> Alberta’s Conservative government dropped $70,000 on a caucus retreat to the luxurious Fairmont Jasper Park Lodge to brainstorm how to trim the province’s $3-billion deficit.(39); Minister of National Revenue Gail Shea and a staffer spent $2,400 to attend a “Tax Savings Day” event in Toronto to promote a previously announced small-business tax credit (40); Statistics Canada had to cover a $4,000 bill for damage caused to a hotel room by a census enumerator (41); three federal departments spent more than $50,000 sending diplomats and bureaucrats to London to learn how to promote the oil sands (42); the Quebec government spent $200,000 for a bash in Paris to celebrate the province’s 50th anniversary of having a delegation in that city (43).</p>
    
    <p>Reports of wasted spending — are in no way exaggerated </p>
    
    <p>44  <em>Hi and dry:</em> Quebec uncovered yet another threat to the French language in that province—the rising scourge of the word “hi.” Quebec’s language police hired a research firm at a cost of $150,000 to dispatch observers into 400 retailers in downtown Montreal in search of language infractions. The report noted a dangerous increase in the use of “<em>bonjour</em>, hi,” from one per cent of salutations two years ago, to 13 per cent. </p>
    
    <p>45  <em>Public lard-caster:</em> The CBC spent $56,000 to survey its own employees in a sole-sourced contract with Phoenix Strategic Partnership. Surprise, surprise: 80 per cent had a positive impression of the CBC and 70 per cent said the public broadcaster succeeded at “enriching democratic life.”  </p>
    
    <p>46 <em>Jet lagged:</em> After dissing reports from the auditor general and Parliamentary Budget Office that warned the price of F-35 fighter jets would be far higher than the $16 billion the Harper government promised, the feds shelled out $645,000 for an outside opinion. After paying KPMG to review the defence department numbers, the government finally accepted the price would be $45 billion.</p>
    
    <p>47  <em>Scooped:</em> When the <em>Guelph Mercury</em> reported complaints from two councillors about city staff in the Ontario town, other councillors voted to have the city’s integrity commissioner look into the matter. Three months and $10,500 later, lawyer Robert Swayze submitted his report, stating any violation was inadvertent, prompting one councillor who voted for the investigation to declare it a “complete waste.”</p>
    
    <p><em>Meanwhile:</em> A year after the city hired an outside firm to complete an efficiency review of the Toronto Police Service at a cost of $249,965, the police services board put out a tender looking for a consulting firm to look for “delayering” opportunities at a cost of $299,000 (48); a $127,000 report Saskatchewan Health had commissioned from Ornge, Ontario’s troubled air ambulance service, turned out to be ghostwritten by a new M.B.A. grad with no industry experience (49).</p>
    
    <p>Food and entertainment — Living it up on government money</p>
    
      <p>50  <em>Out of juice:</em> Bev Oda proved a glass of juice can end a political career. But the former minister of international co-operation’s taxpayer-funded OJ, which famously cost $16, was only the tastiest of her luxuries. Oda also expensed a $1,000-a-day limo service and a $665-a-night stay at the Savoy hotel in London, only paying the money back after she was exposed. </p>
    
    <p>51  <em>A real hoot:</em> The B.C. ministry of forests plunked down $375 over three separate visits to a Hooters restaurant in Edmonton. </p>
    
    <p>52  <em>Gift wrapped:</em> In an effort to boost morale, the B.C. government has a $1.5-million program called the “recognition cupboard” that encourages employees to select from a wide variety of gifts, all paid for by the government, to give to their co-workers. Among the items employees can give each other on the public dime: Starbucks gift cards, CamelBak water bottles and Mountain Equipment Co-op backpacks.</p>
    
    <p>53  <em>Unhealthy spending:</em> Allaudin Merali, a former CFO with Alberta Health Services, expensed taxpayers for more than $346,000—including $900 spent at a wine store. Merali also expensed $1,750 for repairs to his Mercedes and $2,300 for a new car phone. His punishment? No severance package.</p>
    
    <p>54  <em>Safety Wiener:</em> Agriculture Canada handed $826,000 to Brampton, Ont.’s Cardinal Meat Specialists Ltd. to help the meat-processing company research a sausage that doesn’t burst open when cooked. In a news release, Pierre Lemieux, the parliamentary secretary for agriculture, said a grant to develop a less-explosive sausage was critical to the government’s focus on “jobs, growth, and long-term prosperity.” </p>
    
    <p><em>Meanwhile:</em> Six months before Alberta’s XL Foods was shut down because of a massive recall of <em>E. coli</em>-tainted meat, the company got a $1.3-million contribution from Ottawa to upgrade its meat-processing facilities (55); The Canada Food Inspection Agency spent $19,900 to ask 1,200 Canadians how to label bottles containing blends of both Canadian and foreign wine—most said “Blended in Canada” (56); Alberta Premier Alison Redford’s sister, Lynn Redford, a health care executive, expensed $3,400 for attending partisan functions (57); Quebec’s state liquor authority, SAQ, paid $24,000 to wine critic James Suckling of Tuscany so he would visit Montreal and review 30 wines, all while denying it gave him any compensation (58).</p>
    
    <p>Weather and Environment — the forecast is for lots of spending </p>
    
    <p>59  <em>Calm down:</em> The City of Waterloo said it plans to spend as much as $90,000 studying whether to erect a wind turbine, despite a 2011 report that showed the city wasn’t windy enough to make the project financially feasible. Regardless of those findings, the federal government gave the city another $63,000 to keep studying its wind turbine project.</p>
    
    <p>60  <em>Walk the talk:</em> In Winnipeg, after a councillor slipped on ice and broke his hip, the city spent $5,000 to help set up a website called <em>Surefoot.org</em> that gives a single general overview of “winter-related walking conditions” for the entire city, from “easy” to “hazardous.” The risk recently: “moderate.”</p>
    
    <p>61 <em>Out of credit:</em> The B.C. Pacific Carbon Trust was set up in 2008 to buy and sell carbon credits with the aim of reducing carbon emissions, but critics say it has mostly served to transfer taxpayer money from schools and hospitals to corporations. Over a year virtually all $14-million worth of credits were purchased by school boards, health authorities and other public agencies. Businesses bought just $54,050 worth. Yet as the Canadian Taxpayers Federation noted, huge companies like Encana, Canfor and Lafarge received an estimated $3 million by reducing carbon emissions and selling credits to the trust.</p>
    
    <p><em>Meanwhile:</em> The City of Whitehorse and the feds spent $258,000 to figure out a waste-to-energy facility wasn’t economically viable (62); Toronto shelled out $274, 000 to renovate Ted Reeve Community Arena, claiming the retrofits would pay for themselves, when an audit found no energy savings materialized and the arena board repaid just $51,000 of the upfront costs (63).</p>
    
    <p>Nice job — Working  for the taxpayer, that is </p>
    
    <p>64  <em>Home alone:</em> Senators who apparently live in the capital full-time are collecting thousands of dollars in living expenses meant to help with the costs of owning a second home in Ottawa. Over the past two years, Mike Duffy, a Conservative senator for P.E.I., has claimed $33,413, even though he spends most of his time at his Ottawa home. Likewise, Liberal Sen. Mac Harb, who has lived in Ottawa since the 1970s, has also received $31,237 while claiming his primary residence is in nearby Pembroke. </p>
    
    <p>65  <em>'Cause it hurts:</em> In February, TTC commissioners loyal to Toronto Mayor Rob Ford voted to fire the transit system’s general manager Gary Webster “without cause.” The move triggered two years of severance payments totalling more than $500,000, costing the TTC more than if Webster’s contract had been allowed to expire. </p>
    
    <p>66  <em>Book worm:</em> Barry Holmes, the former CEO of the Greater Victoria Public Library, expensed $132,000 on his corporate credit card over 3½ years, including music downloads and $500 for hemp-based body cream. After leaving his job in Victoria, he took a similar position in Windsor, Ont., where, according to reports, he racked up another $67,000 in credit card charges, including $2,000 for antiques, before quitting.</p>
    
    <p>67  <em>Ghost committee:</em> Twenty-one Alberta MLAs were each paid at least $1,000 a month to sit on a committee that hadn’t met since 2008. Some MLAs claimed they didn’t know they were collecting for being on the standing committee on privileges and elections, standing orders and printing. Taxpayers scoffed at the $261,000 annual total, and Alberta suspended the payments in March.</p>
    
    <p>68  <em>Double dipping:</em> An audit uncovered an unnamed retired public servant, who, while collecting a pension, landed $170,000 worth of training contracts from the Canada School of Public Service. Incidentally, among the school’s courses, one teaches values and ethics when managing public funds.</p>
    
    <p><em>Meanwhile:</em> Joe Fontana, the beleaguered mayor of London, faces fraud and breach of trust charges after allegedly using $20,000 of government money in 2005 to pay for his son’s wedding (69); a public service watchdog revealed an unnamed bureaucrat at Human Resources and Skills Development expensed massage chairs plus flat-screen TVs for her home, while hiring a “close relative” who collected excessive overtime pay (70); a House of Commons committee found former Bloc Québécois leader Gilles Duceppe used “many thousands of dollars” to pay a partisan political staffer (71); B.C. Premier Christy Clark paid a $67,000 severance to a press secretary after just 11 months on the job (72); a development company owned by the Mushuau and Sheshatshiu Innu communities in Newfoundland paid its CEO Paul Rich more than $1 million in just two years (73); a Treasury Board report revealed federal employees are calling in sick an average of 18 days a year, roughly 2½ times the absentee rate in the private sector, which costs taxpayers more than $1 billion a year (74); dozens of federal Conservative staffers have failed to keep up with their credit card payments, with the industry minister’s office alone racking up $4,000 in delinquent fees (75); after barely two years on the job at Alberta Health Services as an executive, Allison Tonge, an import from Britain, was let go with a severance package of 12 monthly payments of $35,000 plus $15,000 in relocation expenses for her return to the United Kingdom (76).</p>
    
    <p>On second thought — a change of plans doesn’t come cheap </p>
    
    <p>77  <em>Read and weep:</em> Calgary Transit spent about $500,000 preparing for the launch of a new electronic payment system, only to cancel its contract with the supplier in November. Some of the card readers had already been installed on buses and at LRT stations and had to be removed. </p>
    
    <p>78  <em>Registered complaint:</em> After the Ontario Ministry of Health scrapped a project to develop an electronic registry of diabetes payments, claiming there were no cancellation costs, an audit found the ministry actually spent $24 million on the defunct project. </p>
    
    <p>79  <em>Timber tussle:</em> The City of Ottawa has spent $853,000 in legal fees and settlement payments to block six homeowners from chopping down city trees that were growing into their houses, only to backtrack and agree to cut down trees causing “serious damage” to private property. </p>
    
    <p><em>Meanwhile:</em> Two years after spending $86,000 to install bike lanes on Jarvis Street in Toronto, the city spent $272,000 to remove them after complaints from the mayor (80); Industry Canada spent three years and $1.4 million on an online calculator for people to compare cellphone rates, only to scrap it after lobbying from the telecommunications industry (81); the District of Lillooet, B.C., had to spend $5,000 to hold a by-election after the mayor and a councillor quit after one month on the job (82).</p>
    
    <p>Infrastructure — building a better way to spend your money</p>
    
      <p>83  <em>Wheels of fortune:</em> Rather than purchase a new truck for its fleet, when public works manager Dan Brazier’s 17-year-old pick-up broke down in February 2011, the City of Colwood, B.C., spent $1,000 a month to rent one while it worked on developing an equipment replacement strategy. By December, after it had racked up $10,000 in rental charges on a truck worth $30,000, the city finally decided it had better buy a vehicle.</p>
    
    <p>84  <em>Shut the door:</em> Taxpayers in Waterloo, Ont., forked out $173,000 in emergency funding to replace four fabric doors on a landfill garage after one of them blew off, just three years after the doors were installed. The door supplier said they were never built to withstand wind levels seen at the site and shouldn’t have been used. </p>
    
    <p>85  <em>Dunce cap:</em> An investigation by the <em>Toronto Star</em>unearthed a host of questionable spending on maintenance work by the Toronto District School Board. Among the waste: $143 to install four screws into a $17 pencil sharpener; $3,000 and 76 hours to install an electrical outlet in a school library; $266 to hang three pictures (and another $857 to do it again eight days later); $164 for four workers to move a school bench; $810 to scrub graffiti from a bathroom wall and $2,670 to replace light bulbs in a school lunch room.</p>
    
    <p>86  <em>Nobody’s home:</em> The federal government spent $1.5 million to maintain a massive 108,000-sq.-ft. warehouse known as Plouffe Park in Ottawa, which is set to be torn down next year. It has poured another $5.5 million into the former headquarters of Agriculture Canada, though the building has sat empty since 2009.</p>
    
    <p><em>Meanwhile:</em> Vancouver’s Translink transit authority paid $500,000 for just 13 TV screens installed in Skytrain stations in 2009; many of them no longer work (87); Transport Québec spent $2.2 million on a paving project but left a utility pole in the middle of the road, forcing them to redo that stretch at further expense (88); Quebec taxpayers are paying $700,000 a year for rented office space in Tokyo to house provincial diplomats in Japan rather than use the Canadian embassy (89); Regina’s Prairie Valley School Division paid $2,400 for two office chairs even as it campaigned against cuts to its education budget (90); a property line dispute near Sudbury, Ont,, between Richard Majkot and the city has, over the last five years, cost taxpayers $500,000 (91); Ontario taxpayers have yet to see the final bill for two power plant projects Dalton McGuinty’s government cancelled just days before the 2011 election, but it’s at least $230 million and could top $1 billion (92); an audit of Ontario’s scandal-plagued air ambulance service Ornge found the government-funded agency is paying 40 per cent above fair market value to lease its headquarters from its own subsidiary, which has already meant $2 million in overpayments during the first five years of the 25-year lease (93).</p>
    
    <p>Law and disorder — Keeping the peace keeps costing more money </p>
    
    <p>94  <em>Hat trick:</em> The Department of National Defence and the Canadian Forces spent $438,385 on government-branded sports memorabilia it claimed were crucial to recruiting and peacekeeping efforts. Over the past five years the departments have spent a staggering $176,000 on hockey pucks alone, with a DND spokesman saying it was crucial to promoting Canada’s role “in contributing to international peace and security.”</p>
    
    <p>95  <em>Insecurity:</em> When it was announced former U.S. presidents Bill Clinton and George W. Bush would swing through Surrey, B.C., in 2011 for a $600-a ticket debate, Mayor Dianne Watts insisted the event wouldn’t cost taxpayers a penny. Instead, it cost $45,000 for RCMP to provide security. </p>
    
    <p>96  <em>Naked theft:</em> Ahead of the 2010 G20 summit in Toronto, critics warned it was a bad idea to hold such a high-security event in the middle of downtown, and today the costs keep coming. Among the 144 businesses the government had to compensate: the Zanzibar Tavern strip club, which received $5,900 for lost income. </p>
    
    <p><em>Meanwhile:</em> The Ontario government spent $225,000 on bulletproof vests for provincial park wardens carrying out “enforcement duties” despite the fact no warden has ever been shot (97); the Abbotsford, B.C., police department spent “under $1,000” to mail Christmas cards to those on the city’s naughty list, featuring a photo of the police chief as a heavily armed Santa Claus (98); the Canada Border Services Agency paid a Nanaimo shipyard company nearly $350,000 over two years to look after the MV Sun Sea, a rusty ship that had brought would-be refugees from Sri Lanka in 2010 (99).</p>

    
 </body.content>
    
</body></nitf>
