<?xml version="1.0" encoding="utf-8"?>
<!DOCTYPE nitf
 SYSTEM "http://www.nitf.org/IPTC/NITF/3.3/specification/dtd/nitf-3-3.dtd">
<nitf version="-//IPTC//DTD NITF 3.3//EN" change.date="June 10, 2005" change.time="19:30" id="art-158632005"> <head><title></title>
 <meta name="Author" content=""/>
 <meta name="Editor" content=""/>
<meta name="PublisherName" content="Maclean's"/>
 <meta name="Subject1" content="Treasured island"/>
 <meta name="Subject2" content="On the edge  of a debris  invasion"/>
 <meta name="Subject3" content="Jailhouse shock and spoiled wine"/>
 <meta name="Subject4" content=""/>
 <meta name="Subject5" content=""/>
 <meta name="Industry" content=""/>
 <meta name="Industry" content=""/>
 <tobject/>
 <docdata>
 <correction/>
 <doc-id/>
 <date.issue norm="20130102" />
 <date.release norm= "20131214" />
 <date.expire/>
 <doc-scope/>
 <series/>
 <key-list/>
</docdata>
	 
 <pubdata date.publication="20131214" name="Maclean's" number="01" volume="126" edition.area="" position.section="National" position.sequence="30" />
 <revision-history/>
</head>
<body>
  
  <sections>National</sections>
    
  <body.head>
  
  <slug>New Brunswick</slug>
  
   <hedline>Treasured island</hedline>
    
 </body.head>
    
 
     
  <body.content>
    <p>Could a tiny, rocky, uninhabited island in the Bay of Fundy ignite the Canadian-American War of 2013? That’s the ominous prospect raised recently by Stephen Kelly, a professor at the Center for Canadian Studies at Duke University in North Carolina. Writing in the <em>New York Times</em>, the retired American diplomat, who twice served in Canada, called for the two countries to settle sovereignty of Machias Seal Island, which lies nearly equidistant between Maine and New Brunswick. Kelly’s concern is the 720 sq. km of water around the island, a magnet for American and Canadian lobster fishermen.</p>
    
    <p>Kelly wants it sorted out now, while stakes are low: with no oil in the area and the current lobster glut, this is “an ideal time to colour in the grey zone,” he writes.</p>
    
    <p>Canada’s official position is that there’s nothing to colour in. John Williamson, MP for New Brunswick Southwest, notes the island is in his riding. A statement from the federal government claims sovereignty is “strongly founded in international law.” Ralph Eldridge, the island’s lightkeeper for the past 16 years, told <em>Canadian Press</em> he “never needed his passport to go there.” Certainly the 81,000-sq.-m site, home to a seabird sanctuary, appears Canuck: the Maple Leaf waves freely and the Canadian Coast Guard tends it. </p>
    
    <p>But Kelly tells <em>Maclean’s</em> the island is the last land mass in contention between the two countries. He owns a house nearby in Maine and has watched lobster “shredders” from both countries overfish the area. That, coupled with recent violent outbursts between Japan and China over uninhabited islands in the East China Sea, sounded alarm bells. “Territorial disputes can turn nasty when you least expect it.”</p>
    
     <byline>Anne Kingston</byline>
    
 
    
 
 
 <slug>British Columbia</slug>
  
   <hedline>On the edge  of a debris  invasion</hedline>
   
    <p>For 21 months, a 20-metre concrete and steel dock floated across the Pacific from Japan only to wash ashore just before Christmas on a remote beach on Washington’s Olympic Peninsula. Researchers think it’s part of a 1.5-million-tonne debris field adrift in the ocean after an earthquake-generated tsunami smashed into the coast of Japan on March 11, 2011—and a harbinger of a greater mess due to hit the North American coastline in the next few months.</p>
    
    <p>Governments from Alaska, B.C., Washington, Oregon and California are co-operating with their federal counterparts and local governments on clean-up plans and strategies to deal with anything that makes land—including aquatic species not native to North America—as the winter storm season reaches its peak. The latest report from the Japanese environment ministry said most light, wind-blown debris like Styrofoam and buoys have already hit the Alaskan and B.C. coasts. Lumber, much of it from houses ripped apart by the tsunami, is expected to hit the coast between now and June, though tracking what remains afloat is an inexact science. Other debris discovered to date includes a fishing boat and a motorcycle in a shipping container.</p>
    
    <p>The origin of the Olympic Peninsula dock has yet to be confirmed. Researchers are testing for radioactivity and to ensure the array of sea life attached to it doesn’t include invasive species from Japan. The nearest communities to the site are Forks and La Push, famous haunts in the <em>Twilight</em> series of books and movies, and a suitably eerie setting. A similar 150-tonne dock that washed ashore in Oregon in June proved to be an ecological nightmare, home to no less than four invasive species native to Japan. It was sterilized with blowtorches before it was cut up and hauled away.</p>
    
     <byline>Ken MacQueen</byline>
    
 
 
    
     <slug>Who’s suing whom</slug>
  
   <hedline>Jailhouse shock and spoiled wine</hedline>
   
  <p>British Columbia: A civil lawsuit has been launched against four manufacturers of gas fireplaces alleging their products are “defective and dangerous.” The lawsuit was filed in B.C. Supreme Court by Craig and Charity Cantlie. Their one-year-old son Owen suffered second-degree burns to his right hand when he touched their fireplace’s glass front.</p>
  
  <p>Saskatchewan: Five inmates at Saskatchewan Penitentiary in Prince Albert, serving sentences for murders, rapes and home invasions, are suing the federal government, arguing their detentions are “inflicting extreme stress and nervous shock.” The group, seeking damages of $50,000, cites grievances such as sleep deprivation and a lack of a barber.</p>
   
  <p>Manitoba: In 2011 Rodney McKnight was in a wheelchair inside the Brandon Regional Health Centre when a man jumped from a balcony four stories above and landed on him. The jumper later died, while McKnight claims in a lawsuit filed in December he suffered mental trauma and physical injuries. McKnight claims the hospital failed to make the area safe after a woman fell to her death from the same spot seven months before.</p>
  
  <p>Ontario: Marineland, the Niagara Falls attraction hit by allegations of animal abuse last summer, filed a $1.25-million defamation suit against a former trainer turned critic. The suit alleges Christine Santos, who had worked at Marineland for 12 years before being fired, made false claims to the media about the abuse and neglect of Kiska, an Orca whale, and then refused to retract her comments when confronted by the company.</p>
  
  <p>Quebec: A Montreal wine collector who stored his collection at a facility operated by the Société des Alcools du Québec filed a $1-million suit against the agency alleging it ruined his collection. Robert Chiraz stored 3,000 bottles at the facility in 2009, but the next year he discovered mould and harmful bacteria around the cellar and on the bottles, making them unsaleable.</p>
  
  <byline>Jason Kirby</byline>
  
  </body.content>
    
</body></nitf>
