<?xml version="1.0" encoding="utf-8"?>
<!DOCTYPE nitf
 SYSTEM "http://www.nitf.org/IPTC/NITF/3.3/specification/dtd/nitf-3-3.dtd">
<nitf version="-//IPTC//DTD NITF 3.3//EN" change.date="June 10, 2005" change.time="19:30" id="art-158632005"> <head><title></title>
 <meta name="Author" content=""/>
 <meta name="Editor" content=""/>
<meta name="PublisherName" content="Maclean's"/>
 <meta name="Subject1" content="Slipping away"/>
 <meta name="Subject2" content=""/>
 <meta name="Subject3" content=""/>
 <meta name="Subject4" content=""/>
 <meta name="Subject5" content=""/>
 <meta name="Industry" content=""/>
 <meta name="Industry" content=""/>
 <tobject/>
 <docdata>
 <correction/>
 <doc-id/>
 <date.issue norm="20130102" />
 <date.release norm= "20131214" />
 <date.expire/>
 <doc-scope/>
 <series/>
 <key-list/>
</docdata>
	 
 <pubdata date.publication="20131214" name="Maclean's" number="01" volume="126" edition.area="" position.section="International" position.sequence="42" />
 <revision-history/>
</head>
<body>
  
  <sections>International</sections>
    
  <body.head>
  
    <slug>Switzerland</slug>
    
    <hedline>Slipping away</hedline>
    
 </body.head>
    
 
  
 
    
  <photo href="file://images/MAC01_WORLDNOTES9901.jpg"/>
    
  <photo.caption>Justin Bieber</photo.caption>
    
  <photo.byline>Robbie Shone/CATERS; Sunday Alamba/AP</photo.byline>
    
  <body.content>
    <p>For the first time, researchers descended vertical shafts into the ice caves below the Gorner Glacier near Zermatt for a survey to aid them in their study of the glacier’s melting rate.</p>
    


  <slug>Nigeria</slug>
    
    <hedline>Africa gets  on board</hedline>
    
    
    <p>Forget Boardwalk: players scheming and dealing real estate in the latest version of Monopoly will have their sights set on Banana Island. The man-made island is home to the wealthiest citizens in Lagos, Nigeria, the first African city depicted by the popular board game. In the new Lagos edition, the cheapest property—Mediterranean Avenue in the original game—can be found in Makoko, the vast slum built over a lagoon on the edge of the city. “The cards have been tailored to the Nigerian peculiarities,” says Adeoye Omotayo, spokesperson for the PR company handling the launch. Players might pick a card that sends them to a psychiatric facility for driving the wrong way down a one-way road, he explains, adding that that particular traffic oddity is common in Lagos. </p>
    
    <p>So why base the first African city Monopoly board on Lagos? By some estimates, it is now Africa’s largest city. “Lagos is a megacity. It is a strong commercial hub for Africa,” Omotayo says. And it is the heart of Nigeria’s oil-driven economy. The wealth—and corruption—generated from oil exports are visible on the new board game, too. A wrong roll of the dice could hand you a card that reads: “For attempting to bribe a law enforcement agent, pay a fine.”</p>
    
    <byline>Rosemary Westwood</byline>
    



    <slug>Pakistan</slug>
    
    <hedline>The only female taxi driver</hedline>
    
     <abstract>Zahida Kazmi has survived deadly roads, a fatwa and family abandonment to thrive in her profession</abstract>
     
     
    <p>When it comes to rating her driving skills, on a scale of one to 10, Zahida Kazmi considers herself an 11. “I’m a better driver than most of the men on the road,” says the 57-year-old. “That’s why I get all the good fares.” Kazmi’s confidence is the product of two decades of doing what no other woman in Pakistan does: drive a taxi. In such a deeply patriarchal society, surviving so long in an industry run by men—and in a country notorious for its deadly roads—is a cause for celebration. </p>
    
    <p>Becoming a taxi driver never frightened her, Kazmi says, sitting upright in her modest house in Rawalpindi, 15 km from Islamabad. “I was a widow with six children. They were my only concern. I wanted to give them a good life and a good education. I had a gun and, being a Pashtun, I knew how to use it. Sure, it was tough at first. The male drivers didn’t accept me, and the taxi drivers’ union refused to help. But once they realized I was serious, and they understood the position I was in, they accepted me.” </p>
    
    <p>For the ﬁrst few months on the job, Kazmi wore a burka. It was a sort of shield she thought would protect her from the lewdness of some men. </p>
    
    <p>But that sort of behaviour never materialized. “I took the burka off once I realized that my customers were normal, respectful people,” she says. In fact, over two decades of driving, Kazmi has never had to face the kinds of problems female taxi drivers in Canada or the U.S. face: sexual harassment or drunk customers who turn violent. In Pakistan, where alcohol is banned and harassing a woman in public can very easily lead to a sound beating, the immediate dangers are non-existent.</p>
    
    <p>But there are other difficulties, rooted in culture, that have taken their toll on Kazmi. When she first began driving, her family disowned her. More ominously, when word got out that there was a female taxi driver taking to the streets of the Pakistani capital, Abdul Aziz Ghazi, the ultra-conservative Islamabad imam, issued a fatwa against her, calling on Muslims to kill the woman flagrantly breaking the tenets of Islam by being in the presence of male strangers without a chaperone. </p>
    
    <p>Nothing ever happened, however. Kazmi has won the admiration of her fellow drivers, serving as president of the taxi drivers’ union and chairwoman of the Yellow Cab Association. Even her family has come around. “Now that I’m famous, they want to have contact with me,” she says, smiling wryly. “But I’ve disowned them.”</p>
    
     <byline>Adnan R. Khan</byline>
    


    <slug>Philippines</slug>
    
    <hedline>Banning  Bieber</hedline>
    
    <p>Justin Bieber’s rise to stardom is in large part thanks to YouTube. In the Philippines, however, Instagram may prove to be his downfall.</p>
    
    <p>A resolution was filed in the country’s congress last month declaring Bieber a “<em>persona non grata</em>,” barring him from entering the country unless he offers a public apology for taking a few jabs at boxing legend Manny Pacquiao on Instagram, a photo-sharing social network program.</p>
    
    <p>The Filipino icon was knocked out in a recent bout, and images spread across the Internet of him lying motionless on the canvas. Bieber posted a photo of the unconscious boxer with a superimposed picture of Simba from The Lion King, with the words “Dad wake up.” A second Instagram posting juxtaposed the picture with Michael Jackson doing his dance move. The caption reads: “Pacquiao doing the lean with MJ. Classic moment.”</p>
    
    <p>Bieber’s boxing allegiances are firmly rooted in the corner of American Floyd “Money” Mayweather Jr., who is the pound-for-pound king of boxing and Pacquiao’s rival. </p>
    
    <p>“It doesn’t matter if it is someone as big as Justin Bieber making degrading or insulting comments about a Filipino citizen. Banning him will show how seriously we take our national pride,” said Representative Carol Jayne Lopez. She encouraged Filipino youth to stop listening to Bieber’s music. There was the Twitter hashtag “#banjustinbieber.” </p>
    
  
    <p>Bieber responded on Instagram: “If they were beliebers I know they wouldn’t leave my side over [a] boxing opinion.”</p>
    
     <byline>Aaron Hutchins</byline>
    
    
    
 </body.content>
    
</body></nitf>
