<?xml version="1.0" encoding="utf-8"?>
<!DOCTYPE nitf
 SYSTEM "http://www.nitf.org/IPTC/NITF/3.3/specification/dtd/nitf-3-3.dtd">
<nitf version="-//IPTC//DTD NITF 3.3//EN" change.date="June 10, 2005" change.time="19:30" id="art-158632005"> <head><title></title>
 <meta name="Author" content="Chris Sorensen"/>
 <meta name="Editor" content=""/>
<meta name="PublisherName" content="Maclean's"/>
 <meta name="Subject1" content="Crash and burn"/>
 <meta name="Subject2" content="The housing bubble has burst, and few Canadians will emerge unscathed"/>
 <meta name="Subject3" content=""/>
 <meta name="Subject4" content=""/>
 <meta name="Subject5" content=""/>
 <meta name="Industry" content=""/>
 <meta name="Industry" content=""/>
 <tobject/>
 <docdata>
 <correction/>
 <doc-id/>
 <date.issue norm="20130102" />
 <date.release norm= "20131214" />
 <date.expire/>
 <doc-scope/>
 <series/>
 <key-list/>
</docdata>
	 
 <pubdata date.publication="20131214" name="Maclean's" number="01" volume="126" edition.area="" position.section="Business" position.sequence="44" />
 <revision-history/>
</head>
<body>
  
  <sections>Business</sections>
    
  <body.head>
    <slug>Real Estate</slug>
    
    <hedline>Crash  and  burn</hedline>
    
    <abstract>The housing bubble has burst, and few Canadians will emerge unscathed.</abstract>
    
    <byline>Chris Sorensen</byline>
    
 </body.head>
    
  <photo href="file://images/MAC01_HOUSINGMERGE.jpg"/>
    
  <photo.byline>Photo Illustration by Stephen Gregory</photo.byline>
    
  <body.content>
  
    <p>Keith Roy began warning his clients about a faltering Vancouver housing market in early 2012. The realtor says he was tipped off not by industry statistics, but by chatter across backyard fences. “When you hear about a homeowner who thinks his neighbour got too much money when he sold his house, you know there’s something going on,” says Roy. “That was the first clue.”</p>
    
    <p>The next shoe to drop was a handful of homes in desirable west side neighbourhoods that took a few extra days to sell. Sensing a shift in the market, Roy put his own house up for sale in June and penned a blog posting the following month that advised people to “cash out.” Though he was criticized by fellow agents for breaking rank, Roy says he now feels vindicated after watching Vancouver home sales crumble to their lowest point in more than decade, with prices falling 3.5 per cent since hitting a high last May. The lesson? Recognizing a looming real estate downturn is more art than science; once it shows up in the numbers, it’s too late to do much about it. “One day the phone just stops ringing,” Roy says. “Then you’re in it.”</p>
    
    <p>It’s not just Vancouver where realtors’ BlackBerrys no longer buzz. In Toronto, the city’s once insatiable demand for living in 650 sq.-ft. glass boxes has evaporated overnight. Condo sales are down by 30 per cent, while prices have fallen by 4.5 per cent. Some proposed projects have been put on hold, while some angry investors—like those who bought luxury suites at the Trump International hotel—are desperate to get their money out, and have turned to the courts. Even the Bank of Canada, which has helped inflate the bubble by tempting Canadians with years of rock-bottom interest rates, has issued a rare warning about the risks posed to the broader housing market of too many condo developers in cities like Toronto and Vancouver chasing too few buyers. </p>
    
    <p>A housing correction—or, possibly, a crash—is no longer coming. It’s here. And you don’t have to own a tiny $500,000 condo in downtown Toronto or a $1.3-million bungalow in Vancouver to get hurt. With few exceptions, the impact will be indiscriminate as the euphoria of rising house prices is replaced by fear. The only question now is how bad things will get. If the decline picks up speed, as many believe it will, there could be a nasty snowball effect. Construction jobs will be lost. Homeowners will end up underwater. Consumers may stop spending. “I’m getting very nervous,” says David Madani, an economist at Capital Economics, who has been predicting a drop in housing prices of up to 25 per cent in Canada. “I know I’m a bear, but the housing market itself has the potential to put us in a recession, let alone what’s happening in Europe and the U.S.”</p>
    
    <p>Canada could be setting itself up for a devastating one-two punch: a painful domestic housing slump just as Canada’s export and resource-driven economy is hit with falling global demand. The most acute threat is the U.S. debt crisis, which, if handled poorly, could tip the world’s largest economy back into recession, taking Canada along with it. Meanwhile, Europe remains mired in a recession and concerns about China’s growth persist. “I feel like Canada is in the path of a perfect storm here,” Madani says. Other than housing, “the key pillar of strength is our booming resource sector,” says Madani. “If you take that away, it’s just going to knock the lights out.”</p>
    
    <p>The sudden cooling in Canada’s housing sector seemingly struck without warning. As recently as last spring, bidding wars were common in many Canadian cities as were the “over asking!” stickers agents slapped on “for sale” signs. The peak may have been reached in March when one Toronto bungalow made headlines after selling for $1.1 million, more than $420,000 above the list price.</p>
    
    <p>Eight months later, the story has been reversed. And not just in Toronto and Vancouver. In Victoria, existing home sales were down by 22 per cent in November from a year earlier. In Montreal, sales were down 19 per cent last month. Ottawa’s sales were down nine per cent and Edmonton’s were down six per cent. With all those houses lingering on the market, prices dipped in 10 of 11 big cities across the country between October and November, according to the Teranet-National Bank index. It was the first such drop since 2009.</p>
    
    <p>The weakness is also evident in new home construction. The Canada Mortgage and Housing Corporation reported a third straight month of falling housing starts in November. The trend is expected to continue next year.</p>
    
    <p>With mortgages as cheap as they’ve ever been (five-year rates can be had for as little as 2.84 per cent) and no spikes in unemployment, there can only be one explanation: Canadians bid home prices up so high, and piled on so much debt, they’ve essentially spooked themselves. In Vancouver, for example, the cost of owning a home eats up more than 80 per cent of an average household’s income, according to the Royal Bank’s affordability index. In Toronto, it’s over 50 per cent. Overall, affordability remains below historical averages across the country, RBC says, with two-storey homes in particular causing “affordability-related stress.”</p>
    
    <p>Some argue this is exactly what the much hoped-for “soft landing” should look like. Earlier this year, Sherry Cooper, the soon-to-be-retired chief economist at Bank of Montreal, likened the Canadian housing market to a balloon—not a bubble—that will deflate slowly and naturally in the absence of a “pin.” But such semantic distinctions gloss over a key feature of bubbles: psychology. “Bubbles inherently contain the seeds of their own undoing,” warns Madani. “They’re driven by overconfidence and expectations that house prices will keep going up. But at some point it just pops.” And that creates the spectre of a pendulum that swings the other way.</p>
    
    <p>Nowhere is this mood shift more apparent than in downtown Toronto, where a decade-long condo boom has reshaped the skyline and created a potential glut of tiny, glass-walled suites. There are currently 147 high-rises under construction in Canada’s largest city, according to research firm Emporis. That’s the most of anywhere in North America, including New York. When completed, an additional 56,336 new living spaces will be added to the city’s housing inventory. Most of the projects are conceived and marketed based on a cookie-cutter formula: minimalist decor; “lifestyle” amenities ranging from yoga studios to juice bars; and attention-grabbing flourishes, as with one midtown Toronto project called E Condos that promises two towers with “cantilevered,” glass-walled swimming pools overhanging the streets below. The building boom has even drawn in world-renowned architect Frank Gehry. He was hired by theatre magnate David Mirvish to build three downtown residential towers that will rise as high as 85 floors.</p>
    
    <p>The concern is that the market is being driven by speculators, not families. Many condo purchasers buy off a floor plan—often borrowing against an existing property—and then sell or rent their unit once it’s completed several years later (units can also be sold, or “assigned,” to another buyer while a tower is under construction). “So far, the demand for units and supply has not been too far out of balance,” says Ohad Lederer, an analyst at Veritas Investment Research, citing estimates that investors comprise half of the Toronto condo market. “And that’s reflected by a relatively robust rental market. But I’m definitely concerned that, over the next couple of years, an imbalance will emerge.” It’s happened before. In Miami, a pre-2008 condo boom left 7,000 new units unoccupied after the crash. The upside? College students could suddenly afford to rent swanky suites with granite countertops and ocean views.</p>
    
    <p>Lederer recently sent secret shoppers to several condo sales presentation offices. They made some disturbing discoveries: sales staff who didn’t ask for mortgage pre-approvals and who grossly misrepresented the demographic trends—namely the number of expected new immigrants to Toronto—that are supposed to keep units in high demand. But Lederer says he is most disturbed by the sector’s “shoddy mathematics.” By his calculations, many condo owners who rent their properties are realizing returns of less than four per cent. If rental rates fall as more units come on the market—Lederer estimates there are at least 5,000 too many condo units being built in downtown Toronto—those same investors will soon be losing money, prompting them to sell. “Being a landlord is already a negative cash proposition at today’s prices,” he says, adding that a bust in the condo sector will likely have a “trickle up” effect by reducing demand for starter homes. </p>
    
    <p>John Andrew, a professor who studies real estate at Queen’s University, says Canada’s condo boom has put cities like Toronto in uncharted territory. Will all of the tiny suites still be in demand once the novelty of “plunge pools” and “sky bars” wears thin? “There really isn’t a precedent,” says Andrew. “When we’ve seen market crashes before in Toronto and Vancouver, condos really weren’t as prevalent as they are now.”</p>
    
    <p>Finance Minister Jim Flaherty decided he had seen enough last July. He dialled back mortgage-amortization periods for government-insured mortgages (required for anyone buying a home with less than a 20 per cent down payment) to 25 years from 30 years, the fourth time he tightened standards in as many years. Observers were quick to note mortgage rules are effectively now back to where they were before the Conservatives took office. A national experiment in lenient lending has finally come to a close. </p>
    
    <p>Even with the market slowing, many experts believe Canada is unlikely to experience a “U.S.-style” housing crash. The riskiest mortgages are guaranteed by taxpayers through the CMHC, thereby insulating the financial sector from the sort of meltdown endured by Wall Street in 2008. </p>
    
    <p>But a mere collapse in home sales—and prices—would be bad enough. Ben Rabidoux, an analyst at M Hanson Advisers, estimates that 1.3 million people, or seven per cent of Canadian workers, are employed in the construction industry, with housing being the main driver. He argued in a recent report that a U.S.-sized housing slowdown could result in the loss of 370,000 jobs and push the unemployment rate well over nine per cent, compared to 7.2 per cent now. And that doesn’t include job losses in related industries.</p>
    
    <p>Equally important is the psychological effect that even a moderate slump in home prices will have on consumers. As people watch their net worth crumble—at least on paper—they are less likely to spend money on everything from new dishwashers to automobiles. “We talk about having a strong housing market because we have a strong economy,” Rabidoux says. “But it’s also true that our economy is strong because we have a strong housing sector.” He estimates that as much as 27 per cent of GDP can be linked to Canada’s housing market, a disproportionately large number compared to other countries, including the U.S. at its peak. “Take it away and that alone puts us into a recession, given where we are,” Rabidoux says.</p>
    
    <p>In such a scenario, the homeowners most at risk are those who are overextended. Of the $570 billion in mortgages that the CMHC insures, about half are borrowers with less than 20 per cent equity in their homes. “If housing lands hard and affects the broader economy, many people will find themselves effectively underwater at a time when they would most need mobility to pursue employment,” Rabidoux says. “In this scenario, a house becomes a prison.” And it’s not necessarily condo buyers or those who paid over a million to live in a hot downtown neighbourhood who are most at risk. Rabidoux says people who shelled out for sprawling “McMansions” in the suburbs could be in particular trouble, as the demand for oversized homes is expected to fall out of favour when baby boomers retire and seek out smaller living spaces closer to the city. Indeed, that’s precisely what happened in the U.S., where some estimates peg the number of unwanted “large-lot” homes at about 40 million across the country. As for smaller houses, Andrew says there remains a shortage of single-family homes in cities like Toronto and Vancouver, which should keep demand relatively high. “If you are buying a three- or four-bedroom house right now, then I think you’re going to be okay,” he says.</p>
    
    <p>Flaherty is still going to have a dilemma on his hands. Falling house prices don’t win votes. And there are already calls from the real estate industry to roll back the most recent mortgage rule changes. But most economists agree a correction is both necessary and long overdue. The average debt-to-income ratio of a Canadian household is now 164 per cent, higher than the pre-crash levels in the U.S. A recent survey by BMO found that one-third of Canadians have cut back on spending to make their mortgage payments. Seventeen per cent dipped into savings. </p>
    
    <p>None of it bodes well for the country’s ability to absorb another economic shock. When the financial crisis hit, Ottawa responded by buying up $69-billion worth of bank-owned mortgages, encouraging financial institutions to keep lending. After a brief dip, the housing sector bounced back and carried the economy on its shoulders. But today consumers are tapped out just as a new round of macro-threats has emerged. It’s widely believed that the U.S.—and, hence, Canada—could face another recession unless Republicans and Democrats in Washington are able to agree on a comprehensive deficit-fighting plan. Even if the so-called fiscal cliff (a combination of tax increases and planned spending cuts) is avoided, the U.S. government’s longer-term debt troubles could stalk the economy for years to come. At the same time, the European debt crisis and China’s faltering growth have created a gloomy global outlook, threatening Canada’s large, export-oriented resource sector. With demand for oil falling and increased output from the Bakken shale formation in North Dakota depressing prices, some Canadian energy companies have already cut back on spending, threatening another key economic driver. Suncor, for one, recently said it would review expansion of three major oil sands projects. Talisman Energy is also forecasting spending cuts of as much as 25 per cent next year. The drag is being reflected in GDP. Reduced global demand for oil and gas and manufacturing dragged down the third quarter’s anemic 0.6 per cent growth, as did reduced business investment and a drop in exports, according to Statistics Canada. </p>
    
    <p>Bay Street is getting nervous. Avery Shenfeld, chief economist at the Canadian Imperial Bank of Commerce, recently warned Ottawa to “be careful what you wish for” when it comes to winding down the housing market. He argued in a report that “a five per cent per year drop in housing prices, for example, would shed roughly a half-point off GDP growth through its wealth effect on consumer spending.” He added: “That makes it even more urgent that the global economy is healthier come 2014, when the full bite of a housing slump on domestic activity will be felt.” </p>
    
    <p>It all amounts to a dramatic reversal of fortune for Canadians, albeit one we brought on ourselves. Back in 2009, our hot housing market acted as a life preserver in a sea of economic uncertainty. Now it feels more like a cinder block tied around our necks.</p>
    
 </body.content>
    
</body></nitf>
