<?xml version="1.0" encoding="utf-8"?>
<!DOCTYPE nitf
 SYSTEM "http://www.nitf.org/IPTC/NITF/3.3/specification/dtd/nitf-3-3.dtd">
<nitf version="-//IPTC//DTD NITF 3.3//EN" change.date="June 10, 2005" change.time="19:30" id="art-158632005"> <head><title></title>
 <meta name="Author" content=""/>
 <meta name="Editor" content=""/>
<meta name="PublisherName" content="Maclean's"/>
 <meta name="Subject1" content="Monster trucks"/>
 <meta name="Subject2" content="Sales of big pickups are booming as automakers try to clear dealer lots for newer, more efficient models"/>
 <meta name="Subject3" content=""/>
 <meta name="Subject4" content=""/>
 <meta name="Subject5" content=""/>
 <meta name="Industry" content=""/>
 <meta name="Industry" content=""/>
 <tobject/>
 <docdata>
 <correction/>
 <doc-id/>
 <date.issue norm="20130102" />
 <date.release norm= "20131214" />
 <date.expire/>
 <doc-scope/>
 <series/>
 <key-list/>
</docdata>
	 
 <pubdata date.publication="20131214" name="Maclean's" number="01" volume="126" edition.area="" position.section="Business" position.sequence="52" />
 <revision-history/>
</head>
<body>
  
  <sections>Business</sections>
    
  <body.head>
    <slug>Automobiles</slug>
    
    <hedline>Monster trucks</hedline>
    
    <abstract>Sales of big pickups are booming as automakers try to clear dealer lots for newer, more efficient models</abstract>
    
 </body.head>
 
  <photo href="file://images/MAC01_BIZNOTE01.jpg"/>
    
  <photo.caption>Supersize me: There are now smaller models with hybrid engines, but big still sells best</photo.caption>
    
  <photo.byline>Carlos Osorio/AP</photo.byline>
    
  <body.content>
    <p>North America might appear to be entering the age of electric and hybrid cars, but there is no doubt who the king of the road still is: the big, reliable pickup truck. In Canada, Ford’s line of pickup trucks, the F-series, is the bestselling vehicle, and the company recently announced it sold a record 100,000 trucks in the country in 2012. Other automakers, such as General Motors, are hoping for similar numbers as they introduce new versions of their pickups at a time when the industry is finally firing on all cylinders again.</p>
    
    <p>Pickup truck sales reached their lowest point in a decade just after the 2008 auto crisis left heavyweights such as GM and Chrysler bankrupt, and the financial crisis left consumers’ wallets empty. Five years later, as businesses and individuals are feeling more confident, many are looking to resume spending on what they see as a practical and necessary investment. “Pickup trucks are part of our culture,” says Howard Elmer, a senior writer at <em>Sympatico Autos</em>. “They play to self-reliance and the fact there are more and more entrepreneurs and small businesses.”</p>
    
    <p>The average American vehicle is 11 years old. Having delayed new purchases for several years, consumers are now looking to upgrade. Yet despite the prevalence of smaller models with hybrid engines, demand for full-size pickups jumped 16 per cent in August. Part of the reason is that newer vehicles, while no smaller, are more efficient. GM just unveiled a 2014 model with eco-friendly engines, and Ford’s 2014 model will reportedly be made of aluminum so the body is lighter.</p>
    
    <p>Competition between automakers is at an all-time high, with many offering deep discounts—as much as $5,000 on older models—to make room for the new pickups coming this year. (GM is launching new versions of both its Chevy Silverado and GMC Sierra truck.) But if you think pickups are the new minivans, rest assured the urban cowboy spirit lives on. “Did I need a truck I could beat down punks in sports cars in?” said one Toyota truck fan on the <em>Tundra Headquarters</em>blog. “No . . . BUT DANG IS IT FUN.”</p>
    
      <byline>Angelina Chapin</byline>
    
 
 
 
   <slug>Economy</slug>
    
    <hedline>America’s  magic number</hedline>
    
    <p>Last month, the U.S. Federal Reserve announced it would keep borrowing costs at rock bottom until unemployment drops to 6.5 per cent, provided inflation doesn’t rise past 2.5 per cent. It was a revolutionary statement. America’s monetary policy is now explicitly tied to the jobless rate, rather than just price levels. The Fed was administering the U.S. economy the equivalent of “a new drug that is yet to go through clinical testing,” wrote Mohamed El-Erian, the CEO of PIMCO, which runs the world’s largest bond fund.</p>
    
    <p>The move raises a tough question: how long will it take to reach 6.5 per cent unemployment? It could happen as early as next year or as late as 2018, according to Michael Greenstone and Adam Looney at the Brookings Institution, a think tank based in Washington. Some observers are asking what Fed chairman Ben Bernanke will do if the jobless rate falls simply because more Americans give up looking for jobs, thus taking themselves out of the unemployment head count.</p>
    
    <p>There’s also the question of the immediate health of the U.S. economy as it struggles with trillion-dollar deficits and debt ceilings that could send it back into recession this year. In the worst-case scenario, unemployment would climb back to nine per cent, up from 7.9 per cent now, according to the Congressional Budget Office. That would push a 6.5 per cent unemployment scenario even further into the future.</p>
    
    <p>If it means many more years of near-zero interest rates, Bernanke’s medicine will have significant potential side effects. Such low-for-long rates discourage savings, hurt fixed-income investors like pension funds and insurance companies, and potentially invite very risky bets as people look for decent returns for their cash, says Beata Caranci, vice-president and deputy chief economist at TD Bank Financial Group.</p>
    
    <p>Low rates south of the border would also constrain Canada’s ability to raise its own borrowing costs, something that Caranci says is essential in order to ensure that record levels of household debt don’t continue to grow. As long as borrowing costs next to nothing, people will take on more debt, she says. “It’s just economics.”</p>
    
     <byline>Erica Alini</byline>
    
   
   
       <slug>Media</slug>
    
    <hedline>Who really runs Netflix?</hedline>
    
    <p>Amazon isn’t just the world’s biggest online retailer, one of its fastest-growing businesses lately is managing web storage for major online firms like Netflix. A lot of Netflix customers found that out the hard way on Christmas Eve, when Amazon Web Services (AWS) crashed, blacking out Netflix service for millions of Canadians and Americans at a peak time. Only a few weeks earlier, Netflix’s CEO Reed Hastings said he hoped to have Netflix entirely hosted on Amazon by the end of next year. Despite the glitch, he has made no move to end the relationship, and Amazon’s revenue from AWS—which, according to analysts, could soon be as much as $3 billion a year—seems safe. But people did notice that Amazon’s own rival service, Amazon Prime, was unaffected by the outage. Maybe it’s not a great idea to allow your biggest competitor to have so much power over your business.</p>
    
     <byline>Jaime J. Weinman</byline>
    


   <slug>energy</slug>
    
    <hedline>The fuel of  the future</hedline>
    
    <p>Sasol, a fuel company based in South Africa, recently announced plans to invest up to $14 billion in a facility in Louisiana that will turn natural gas to diesel fuel, a bold—not to mention incredibly costly—project that represents one of the biggest foreign investments ever in the U.S. It’s not the only company eyeing the growing North American gas market. Shell is working with partner companies to develop bigger engines able to run on liquefied natural gas. In Canada, Calgary-based Encana Corp. recently closed a $2.2-billion deal with PetroChina to develop natural gas projects.</p>
    
    <p>Increasingly, energy companies are betting natural gas will be North America’s future fuel as plentiful shale gas reserves are uncovered. Canada’s natural gas sector is on course to rival the oil sands, attracting up to $386 billion in investment, adding nearly $1 trillion to the economy and supporting about 131,000 jobs annually over the next 24 years, according to a Conference Board of Canada report. (The oil patch is expected to generate $364 billion in investments.) One U.S. estimate said shale gas development in the U.S. would create 870,000 jobs by 2015. Analysts say the one big threat to the industry now is too much of a good thing: a glut of gas pushing down prices.</p>
    
     <byline>Toban Dyck</byline>


    <slug>Bright Idea</slug>
    
    <hedline>Housing, take two</hedline>
    
    <p>Who’s placing the biggest bet on the comeback of the U.S. housing market? Not Wall Street, but cable TV channels that run home-buying shows with titles like <em>Love It or List It</em>. The crash of 2008 wiped out a lot of reality shows about purchasing expensive homes; instead, channels like Home and Garden Television and the Learning Channel (TLC) shifted toward shows like <em>The Unsellables</em>, about people whose homes had become worthless. Now, according to the <em>Wall Street Journal</em>, these networks are working on a new cycle of housing shows, though like many cautious owners, they’re starting with cheap homes: HGTV’s future projects include <em>Power Broker</em> and <em>Fixer Upper</em>, about helping young buyers improve their first houses, and TLC is bringing back the show <em>My First Home</em> after a three-year break. Network executives had better hope they’re right about the market. If not, the only people in bigger trouble will be those who actually bought the houses.</p>
    
     <byline>Jaime J. Weinman</byline>
    
 
    
 </body.content>
    
</body></nitf>
