<?xml version="1.0" encoding="utf-8"?>
<!DOCTYPE nitf
 SYSTEM "http://www.nitf.org/IPTC/NITF/3.3/specification/dtd/nitf-3-3.dtd">
<nitf version="-//IPTC//DTD NITF 3.3//EN" change.date="June 10, 2005" change.time="19:30" id="art-158632005"> <head><title></title>
 <meta name="Author" content="David Agren"/>
 <meta name="Editor" content=""/>
<meta name="PublisherName" content="Maclean's"/>
 <meta name="Subject1" content="Wandering, once more"/>
 <meta name="Subject2" content="A community of Mennonites left Manitoba for Mexico a century ago. Now they’re leaving for Russia."/>
 <meta name="Subject3" content=""/>
 <meta name="Subject4" content=""/>
 <meta name="Subject5" content=""/>
 <meta name="Industry" content=""/>
 <meta name="Industry" content=""/>
 <tobject/>
 <docdata>
 <correction/>
 <doc-id/>
 <date.issue norm="20130102" />
 <date.release norm= "20131214" />
 <date.expire/>
 <doc-scope/>
 <series/>
 <key-list/>
</docdata>
	 
 <pubdata date.publication="20131214" name="Maclean's" number="01" volume="126" edition.area="" position.section="Society" position.sequence="57" />
 <revision-history/>
</head>
<body>
  
  <sections>Society</sections>
    
  <body.head>
    <slug>Religion</slug>
    
    <hedline>Wandering, once more</hedline>
    
    <abstract>A community of Mennonites left Manitoba for Mexico a century ago. Now they’re leaving for Russia.</abstract>
    
    <byline>David Agren</byline>
    
 </body.head>
    
  <photo href="file://images/MAC53_MEXICO01.jpg"/>
    
  <photo.caption>Competition for water: The Mennonite community prospered in Mexico, until the wells ran dry</photo.caption>
    
  <photo.byline>Gael Gonzalez/Reuters</photo.byline>
    
  <body.content>
  
    <p>Peter Friesen talks as if he’s seen the promised land. A Mennonite farmer and father of 13 in Mexico’s northern Chihuahua state, his blue eyes brighten as he paints a picture of a place with pleasant people, raging rivers and vast tracts of virgin land ideal for agriculture. “We saw really good land with lots of water,” Friesen recalled, while seated in the booth of a Mennonite pizzeria that sells pies smothered with the prized local product, a tangy cheese known as <em>queso menonita</em>.</p>
    
    <p>Friesen isn’t talking about paradise. He’s talking about Russia, where his Mennonite ancestors once worked the land before departing for the Canadian Prairies and then the high plains of northern Mexico. Friesen and 10 Mennonites recently travelled to Russia to explore a possible relocation from Chihuahua to the prairie of Tatarstan—900 km east of Moscow and similar to Manitoba with its cold winters, hot summers and flat prairie. The possible relocation is not a nostalgic return to his roots, but rather a resolution for the most pressing problems Mexican Mennonites face: shortages of land and water. “We could cultivate 10 times more than we have here,” says Enrique Voth Penner, who also went to Russia.</p>
    
    <p>For the Mexican Mennonites, an estimated 50,000 of whom are eligible for Canadian passports, land is scarce—a problem for a people with large broods and a fondness for farming. Previous generations of Mennonites pushed into the Chihuahua desert from their original settlements (including the aptly named Colonia Manitoba), drilling wells as they went. But times have changed. What land remains lacks adequate water to coax crops such as corn and wheat from the region’s sandy soils. Wells now are being drilled to depths of more than 500 m and the National Water Commission has stopped issuing permits. Making matters worse, Mexico just experienced its worst drought in 71 years. Water problems “have given people a push, given them a reason to migrate,” Voth says.</p>
    
    <p>The Mennonites now ﬁnd themselves embroiled in an escalating water war, in which they’ve landed on the wrong side of public opinion and, in some cases, allegedly participated in acts of corruption—namely paying bribes for permits and drilling wells without permission. The competition for water is fierce—so fierce that stories have surfaced linking some Mennonites to organized crime, without offering proof. In October, the leader of a farm group crusading against illegal wells turned up dead. “There are people who are envious,” says Mennonite tour guide Abraham Peters. “It’s time that we explore other options.” </p>
    
    <p>In Russia, Voth found plenty to like: land, water, low taxes and offers of credit. Voth figures 100 families would go, but says the Mennonites, who are pacificsts, still need a guaranteed exemption from military service. </p>
    
    <p>A move would only be the latest for a wandering people; some 6,000 Mennonites relocated to Mexico in the 1920s to escape rules in Manitoba mandating English-only education. The Mexican government promised the Mennonites the right to run religious schools—in complete violation of the country’s constitution, which mandates secular education—and an ability to avoid obligatory military service. The Mexican government has kept its end of the bargain, the Mennonites say, although many from traditional colonies, who still use horses and buggies, moved to Bolivia in 1967 after electricity came to Mexico. Others left during the worst of the drug war, which hit Chihuahua and Durango states especially hard. “There are always people that don’t think they can make it here and leave,” says septuagenarian farmer Guillermo Thiessen. </p>
    
    <p>The community has prospered, as the Mennonites brought agriculture to inhospitable parts of Mexico, and developed a commercial corridor in Colonia Manitoba that attracts buyers from across the country in search of farm and irrigation equipment. Still, they stayed somewhat separate from the broader Mexican society. The Mennonites still speak Low German, attend their own schools—and are best known for <em>queso menonita</em> and the blond vendors in plaid shirts and coveralls who sell it at intersections.</p>
    
    <p>Thiessen says he feels both Mexican and Mennonite and has grandchildren who married Mexicans. He inadvertently shows many Mexican traits, such as saying, “<em>Gracias a Díos</em>,” (thanks to God) when asked how he’s doing, professing a preference for spicy food and going abroad for short-term employment excursions. He recently made $3,000 picking potatoes in Winkler, Man. But Thiessen says he’s too old to relocate to Russia. Friesen is also more interested in Russia for his children than for himself, but he expects a warm welcome, should they ever arrive. “The officials told us in the ﬁrst meeting, ‘Welcome  home.’ ”    </p>
    
 </body.content>
    
</body></nitf>
