<?xml version="1.0" encoding="utf-8"?>
<!DOCTYPE nitf
 SYSTEM "http://www.nitf.org/IPTC/NITF/3.3/specification/dtd/nitf-3-3.dtd">
<nitf version="-//IPTC//DTD NITF 3.3//EN" change.date="June 10, 2005" change.time="19:30" id="art-158632005"> <head><title></title>
 <meta name="Author" content=""/>
 <meta name="Editor" content=""/>
<meta name="PublisherName" content="Maclean's"/>
 <meta name="Subject1" content="Karmic cleansing"/>
 <meta name="Subject2" content=""/>
 <meta name="Subject3" content=""/>
 <meta name="Subject4" content=""/>
 <meta name="Subject5" content=""/>
 <meta name="Industry" content=""/>
 <meta name="Industry" content=""/>
 <tobject/>
 <docdata>
 <correction/>
 <doc-id/>
 <date.issue norm="20130102" />
 <date.release norm= "20131214" />
 <date.expire/>
 <doc-scope/>
 <series/>
 <key-list/>
</docdata>
	 
 <pubdata date.publication="20131214" name="Maclean's" number="01" volume="126" edition.area="" position.section="Society" position.sequence="58" />
 <revision-history/>
</head>
<body>
  
  <body.head>
    <slug>festivals</slug>
    
    <hedline>Karmic cleansing</hedline>
    
 </body.head>
    
  <photo href="file://images/MAC01_SOCIETY_BIGPICE01.jpg"/>
    
  <body.content>
  
    <p>Every year, hundreds of worshippers help clean this giant sleeping Buddha at Nanzoin Temple, in the southern Japanese town of Sasaguri. Using bamboo leaves fixed to five-metre poles, temple followers clean the face of the <em>Shaka Nehan</em> (nirvana) statue—said to be the world’s largest reclining bronze Buddha. Afterward, they pray for good health in the new year. The statue, completed in 1995, is 41 m long and weighs in at more than 300 tonnes.</p>
    
    </body.content>
    
</body></nitf>
