<?xml version="1.0" encoding="utf-8"?>
<!DOCTYPE nitf
 SYSTEM "http://www.nitf.org/IPTC/NITF/3.3/specification/dtd/nitf-3-3.dtd">
<nitf version="-//IPTC//DTD NITF 3.3//EN" change.date="June 10, 2005" change.time="19:30" id="art-158632005"> <head><title></title>
 <meta name="Author" content="Elio Iannacci"/>
 <meta name="Editor" content=""/>
<meta name="PublisherName" content="Maclean's"/>
 <meta name="Subject1" content="Twins peak"/>
 <meta name="Subject2" content="Once more counterculture than pop culture, Tegan and Sara chart a new course"/>
 <meta name="Subject3" content=""/>
 <meta name="Subject4" content=""/>
 <meta name="Subject5" content=""/>
 <meta name="Industry" content=""/>
 <meta name="Industry" content=""/>
 <tobject/>
 <docdata>
 <correction/>
 <doc-id/>
 <date.issue norm="20130102" />
 <date.release norm= "20131214" />
 <date.expire/>
 <doc-scope/>
 <series/>
 <key-list/>
</docdata>
	 
 <pubdata date.publication="20131214" name="Maclean's" number="01" volume="126" edition.area="" position.section="Maclean's Back Pages" position.sequence="66" />
 <revision-history/>
</head>
<body>
  
  <sections>Music</sections>
    
  <body.head>
  
    <hedline>Twins peak </hedline>
    
    <abstract>Once more counterculture than pop culture, Tegan and Sara chart a new course</abstract>
    
          <byline>Elio Iannacci</byline>

  </body.head>
    
  <photo href="file://images/MAC01_TEGANSARA01.jpg"/>
    
  <photo.caption>Alt rockers no more: Identical indie darlings Tegan and Sara Quin go with the mainstream flow and—surprise!—more people are listening </photo.caption>
    
  <photo.byline>Lindsey Byrnes</photo.byline>
    
  <body.content>
  
    <p>For more than 10 years Tegan and Sara Quin have made music that, by their own admission, is more counterculture than pop culture. Steeped in acoustic and electric guitars and informed by punk and folk artists, the past six albums by Calgary’s famous sister act are classified by iTunes as alternative music. But after their 2009 album <em>Sainthood</em>, the 32-year-old identical twins decided to rethink their approach to songwriting. “We became known as kind of a Canadian cult band in some parts of the world,” Tegan says during a recent visit to Toronto, hours before hitting the stage to perform songs from the new album, <em>Heartthrob</em>. “It felt very limiting. The reality is indie rock just isn’t as popular anymore, especially in Europe. We used to be so opposed to sounding current. We were either a step behind or ahead.” </p>
    
    <p>Save for a major international hit in 2004 called <em>Walking With a Ghost</em> (covered soon afterward by the White Stripes), their previous releases, which provided years of gigs and decent reviews, never had enough mass appeal to crown the <em>Billboard</em> charts or enough bass-line grit for major club play. The musical makeover began when the pair met the Dutch DJ Tiësto, whose beat-driven remix of <em>Back in Your Head</em> from their 2007 album <em>The Con</em> started reaching audiences they didn’t even know existed. “When he came along, he opened our minds and made us think about what kinds of opportunities we were shutting out,” Sara says. It led to another collaboration that produced an ear worm of a dance track called <em>Feel It in My Bones</em>—a song that ended up charting in Canada. The track pushed the duo to team up with electronic producers such as David Guetta for <em>Every Chance We Get We Run</em> and Morgan Page for a cut called <em>Body Work</em>. All three songs have received much more radio and club play than any of their rock singles since <em>Walking With a Ghost</em>. </p>
    
    <p>Driven by this second wind, the sisters swapped their signature guitar-heavy riffs for piano-plucked and synth-pinched choruses on <em>Heartthrob</em> (scheduled for release Jan. 29). The disc of pop and dance—which includes the new, chart-climbing single, <em>Closer</em>—has some standout vocal moments. A track called <em>I Was a Fool</em> sounds like a song that could win Alicia Keys another Grammy. Sara has also written what she calls “my version of an ’80s power ballad” on a slow jam called <em>Now I’m All Messed Up</em>, which touches on her past girlfriends and her general fear of singledom.  </p>
    
    <p>“We’ve never been afraid of putting it all out there,” Sara explains. “We are both gay people who are now making pop for everyone. The music is still very personal though; it’s about our lives and our relationships, but finding someone to love is tough for all people. For the longest time, I had a hard time meeting someone,” she says, adding that both she and her sister have been in happy, long-term relationships for years now. “You have to understand, I’ve had a career since I was 17. I owned a house and paid taxes for it at 26. It was hard meeting someone like me with the same interests.” </p>
    
    <p>What sets <em>Heartthrob</em> apart from their other albums was the way it was made and marketed. Typically, the sisters write songs separately at their respective homes (Tegan lives in Los Angeles and Vancouver, Sara in Montreal and New York), but many of the songs for <em>Heartthrob</em> were written together. And those who pre-ordered the album got a limited-edition magazine featuring Tegan and Sara on the <em>Teen Beat</em>-like cover, which promised “everything you need to know about Tegan and Sara RIGHT NOW.” </p>
    
    <p>Their transformation and subsequent success has one famous fan, the Canadian pop darling Carly Rae Jepsen, who saw them 10 years ago at a folk festival in Courtenay, B.C. </p>
    
    <p>“Hearing them has changed the way I’ve written songs,” says Jepsen, who recorded a song Sara wrote called <em>Sweetie</em> on her latest album <em>Kiss</em>. “When you see someone before they were big and then [they] get the recognition they deserve, you feel like you were behind them from the beginning. When I think of them, I feel like a proud grandma.”  </p>
 
    
  </body.content>
    
</body></nitf>
