<?xml version="1.0" encoding="utf-8"?>
<!DOCTYPE nitf
 SYSTEM "http://www.nitf.org/IPTC/NITF/3.3/specification/dtd/nitf-3-3.dtd">
<nitf version="-//IPTC//DTD NITF 3.3//EN" change.date="June 10, 2005" change.time="19:30" id="art-158632005"> <head><title></title>
 <meta name="Author" content=""/>
 <meta name="Editor" content=""/>
<meta name="PublisherName" content="Maclean's"/>
 <meta name="Subject1" content="That seductive song by Leonard Cohen"/>
 <meta name="Subject2" content="Plus, what we need to know about water and power, the slaves of the Amistad rebellion, a guide to modern art, Oprah’s pick, and Louisa May Alcott’s mother"/>
 <meta name="Subject3" content=""/>
 <meta name="Subject4" content=""/>
 <meta name="Subject5" content=""/>
 <meta name="Industry" content=""/>
 <meta name="Industry" content=""/>
 <tobject/>
 <docdata>
 <correction/>
 <doc-id/>
 <date.issue norm="20130102" />
 <date.release norm= "20131214" />
 <date.expire/>
 <doc-scope/>
 <series/>
 <key-list/>
</docdata>
	 
 <pubdata date.publication="20131214" name="Maclean's" number="01" volume="126" edition.area="" position.section="Maclean's Back Pages" position.sequence="68" />
 <revision-history/>
</head>
<body>
  
  <sections>Books</sections>
    
  <body.head>
    <hedline>That seductive song by Leonard Cohen </hedline>
    
    <abstract>Plus, what we need to know about water and power, the slaves of the Amistad rebellion, a guide to modern art, Oprah’s pick, and Louisa May Alcott’s mother</abstract>
    
 </body.head>
    
  <photo href="file://images/MAC53_BOOKS03.jpg"/>
    
  <photo.caption>‘The Holy or the Broken’: Alan Light tracks how a little song became a modern anthem, covered by everyone from Bono to k.d. lang (above)</photo.caption>
    
  <photo.byline>Jerry Lampen/Reuters</photo.byline>
    
  <body.content>
   
   
   <photo href="file://images/MAC53_BOOKS07.jpg"/>
   
    <p>The holy or the broken: Leonard Cohen, Jeff Buckley &amp; the unlikely ascent of ‘Hallelujah’</p>
    
    <p>Alan Light</p>
    
    <p>The pleasures of this modest, original book are as unexpected as its subject: the miraculous (and ongoing) resurrection of the 28-year-old Leonard Cohen song <em>Hallelujah</em>. When Cohen first recorded it, his record label refused to release it. “What is this?” said the president of CBS Records when he listened to it. “This isn’t pop music . . . this is a disaster.” Since then, of course, <em>Hallelujah</em> has become one of the most covered songs in music history, a one-size-fits-all hymn that can express both doubt and reassurance.</p>
    
    <p>The song languished in obscurity until Jeff Buckley recorded his own intense, angelic-erotic version, which became his signature number. After his death, <em>Hallelujah</em> was taken up by a whole rainbow of artists, from Rufus Wainwright, Bono and Justin Timberlake, to Bob Dylan and Céline Dion. At the opening of the 2010 Winter Olympics, k.d. lang nailed her lucid, world-embracing version. With its simple, seductive melody and lyrics that move between the sexual and the spiritual, the song can cast a spell in any context. “Those who want or need it to serve as a hymn, a balm, can find that sense of soaring grace,” the author writes, “and those who respond to its sense of struggle and confusion can present that as the song’s backbone. There’s no ‘right way’ to sing <em>Hallelujah</em>.” Light, the former editor of <em>Spin</em> magazine, does a deft, unsentimental job of tracking how a little masterpiece of a song crested the waves of the music industry to become a modern anthem. Wonder if this has anything to do with Cohen’s job as a counsellor at a summer camp in the Laurentians, where he first learned to play for others? Now it’s a camp song sung around the world. </p>
    
    <byline>Marni Jackson</byline>
    
   
      <photo href="file://images/MAC01_BOOKS98.jpg"/>
    
    
    <p>Thirst: Water &amp; power in the ancient world</p>
    
    <p>Steven Mithen</p>
    
    <p>Scholars who mine the past for information always do so in the light of contemporary concerns. Throughout <em>Thirst</em>, Mithen, an eminent archaeologist at the U.K.’s University of Reading, is attuned to the massive floods and severe droughts the world is experiencing today. Climate change has wrecked entire civilizations before: when the water loses its steady, life-enabling flow—when there’s too much or too little, for too long—things fall apart.</p>
    
    <p>Mithen’s thoughts on the imminent future of Peru—where Inca hydraulic engineers once constructed an irrigation and drainage system at Machu Picchu that still dazzles modern experts—are convincingly gloomy. The mountain glaciers that provided the Incas with their meltwater are retreating at the rate of 60 m or more a year, and scientists expect every glacier below 5,500 m to be gone by 2015. Modern Lima’s 10 million people are equally dependent on that meltwater, and “how they will cope remains unclear,” writes Mithen. Further stressing diminished supplies is a need the ancients never experienced—water for hydro power—and a danger they were all too familiar with: poison. Irrigate for too long, long-ago Sumerians found, and water-borne salts will start to choke the fields; in contemporary Peru, mining operations are leaching toxins into the water that sustains agriculture. Competing water users are starting to face off, and some clashes have turned violent.</p>
    
    <p>Mithen’s survey of the hydraulic wonders achieved by ancient civilizations from Peru to Cambodia was written with all that in mind. Does the collapse of those cultures, due partly to forces beyond their control (changing rainfall) and partly to their own errors (deforestation), predict the future of our own water crisis, only on a far vaster scale? Maybe, muses the sober-minded archaeologist. Growing populations forced those cultures to increase their water use to unsustainable levels—to the point where there was no give in the system when the climate changed. The more complex their water management became, the more the civilizations grew autocratic. Moderns, however, know what went wrong: should we summon the will, Mithen writes, we can avoid their fate.</p>
    
     <byline>Brian Bethune</byline>
 
    
   
      <photo href="file://images/MAC53_BOOKS05.jpg"/>
    
    <p>The Amistad Rebellion: an Atlantic odyssey of slavery and freedom</p>
    
    <p>Marcus Rediker</p>
    
    <p>The 1839 rebellion on board La Amistad has waxed and waned in the public consciousness. This shipload of slaves who broke free of their chains, killed the captain and attempted to sail back to Africa—only to be captured and put on trial for piracy in the United States— once dominated slavery debates around the world, and riveted the emerging popular media in the U.S. Their story then faded from view, until movie director Steven Spielberg brought his version to the big screen in 1997. Since then, a cottage industry of Amistadia has enjoyed a resurgence, including a life-sized replica moored in New Haven, Conn., and an outsized presence in American high-school texts.</p>
    
    <p>Making his contribution to modern interest in the rebellion, Rediker aims to tell the parts Spielberg left out. While the Supreme Court ultimately set the Amistad Africans free in a politically charged trial, Rediker figures the slaves themselves deserve the bulk of the attention. He redirects the story away from the courtroom, where the movie spent most of its time, and back to the shores of Africa. “Curiously,” writes Rediker, “the American legal system has emerged as the story’s hero—the very system which, in 1839, held 2½ million African Americans in bondage.”</p>
    
    <p>Contemporary public fascination with the slaves provides the historian with a rich trove of information to draw upon. The 53 men and children, led by charismatic Joseph Cinqué, became instant national celebrities. They attracted ample newspaper coverage, both pro and con; academic investigations into their language, physiology and culture; plus travelling art exhibits, and even a stage version of their tale. A much fuller picture of the Amistad rebels thus emerges, covering their life and eventual enslavement in Africa, membership in the secret Poro society—a kind of African Masonic Lodge—as well as their efforts directing their own legal defence.</p>
    
    <p>It might have required skilled lawyers and aggressive abolitionist lobbying to spare the Amistad Africans from conviction at the hands of the American judicial system, but Rediker leaves no doubt they were free men from the moment they were born.</p>
    
     <byline>Peter Shawn Taylor</byline>
    
  
      <photo href="file://images/MAC53_BOOKS06.jpg"/>
    
    
    <p>What are you looking at? The surprising, shocking, and sometimes strange story of 150 years of modern art</p>
    
    <p>Will Gompertz</p>
    
    <p>Inspired by his one-man comedy show at the Edinburgh Fringe Festival, this book is Gompertz’s chatty retelling of the last 150 years of modern art. It isn’t academic, he promises, then playfully links up the “isms” of art history, from Impressionism onward. Gompertz calls his book “factastic” on YouTube, mirroring an art trend he identifies in the book’s last chapter. And, with Gompertz striking a readable balance of scholarly detail, art anecdote and pop culture references, readers will make it to the last chapter.  </p>
    
    <p>Gompertz wins points immediately by daring to talk about money and, by extension, class. Soon after, he breaks what may be a code of silence by describing—almost satirizing—the tensions that play out when curators try to name an exhibition and why, as he puts it, “curators talk bollocks.” It’s impossible to forget Gompertz is a Brit, as he laces his prose with words like “blimey” and “bollocks.” The lad-like banter, coming from an author who was a former director at the Tate gallery and is now the BBC arts editor, adds accessibility. Winningly, he folds in hip references to Jonathan Ive, head of design at Apple, David Lynch, Tom Ford, Bang &amp; Olufsen, Franz Ferdinand, Harvey Weinstein, Google, Dennis Hopper and Susan Boyle.(“As it turned out, Rousseau was the Susan Boyle of his day.”) </p>
    
    <p>After examining why the public suspects modern art is a sham, he intelligently explains the seemingly outrageous prices of some work. His introduction to Minimalist sculpture is hilarious, and his lengthy treatment of Jeff Wall will warm Canadian readers’ hearts. </p>
    
    <p>But where are the pictures? Twenty-eight colour plates are not enough. Why would the publisher print a book about art without an adequate budget for photo permissions? Bloody shame, that.</p>
    
    <byline>Joanne Latimer</byline>
   
      <photo href="file://images/MAC53_BOOKS04.jpg"/>
    
    <p>The twelve tribes of Hattie</p>
    
    <p>Ayana Mathis</p>
    
    <p>When Oprah Winfrey anoints a book as her newest Book Club pick—even on the lacking-in-national-syndication-TV-show version—people take notice. It happened last summer with Cheryl Strayed’s memoir <em>Wild</em>, which spent weeks on the bestseller lists after being stamped with the Oprah seal of approval. And it will certainly happen again with Ayana Mathis’s debut novel <em>The Twelve Tribes of Hattie</em>, a series of family portraits that ultimately revolve around the fortunes of one forceful woman, Hattie Shepherd.</p>
    
    <p>When we first meet Hattie, it’s 1925, and she’s new to motherhood and to Philadelphia, having left Georgia as part of an early wave of the Great Migration. Over the next 55 years, even when she’d “had enough of blood and milk and birthing,” she will raise nine more children, see them through waves of joy but mostly calamity, and bear witness to the great changes wrought by the civil rights movement—even though most won’t directly affect her. Hattie will endure tough times with an inner resilience she can rely on, largely because she has no choice.</p>
    
    <p><em>The Twelve Tribes of Hattie</em> works wonderfully as a family drama, shifting from perspective to perspective—each “tribe” belongs to a different Shepherd voice—to show how Hattie’s children disappoint her. All of them, from Floyd, a wayward, wandering musician, to Bell, engaged in mutinous rebellion against her mother, fail to achieve what they believe to be their heart’s desire. But Mathis’s real accomplishment is her portrayal of larger American concerns: struggles with poverty, racism, sexism, religion and living a worthwhile life. There are no easy solutions, but in Mathis’s expert hands, the Great Migration comes alive as a living, breathing journey.</p>
    
     <byline>Sarah Weinman</byline>
    
  
      <photo href="file://images/MAC01_BOOKS99.jpg"/>
    
    <p>Marmee &amp; Louisa: The untold story of Louisa May Alcott and her mother</p>
    
    <p>Eve LaPlante</p>
    
    <p>In the spring of 1868, Louisa May Alcott was 35, and not interested in writing books for children. She preferred “melodramatic tales of murder, revenge and interracial love affairs.” But her chief interest was looking after her mother, Abigail, who had brought up four daughters in poverty and continued to live hand-to-mouth with her brilliant but unsuccessful husband, Bronson. So when a Boston publishing house offered Alcott $500 to produce a book for girls, she settled down to write <em>Little Women</em>, the novel that would make her famous and, more important, rich. “Hard times for the Alcotts are over forever,” she announced upon learning that 3,000 copies of the second instalment of <em>Little Women</em>(the two parts later became one novel) had been sold before hitting the shelves. “I feel as if I could die in peace.” </p>
    
    <p>When Abigail lay dying nine years later, she looked up at Alcott and called her “Marmee,” mistaking her second daughter for her own mother. The lines were indeed blurry at times. LaPlante pieces together the letters and journals of Alcott, Abigail, Bronson and other friends and relatives (some of which LaPlante, great-great-granddaughter of Alcott’s first cousin, found in her mother’s attic) to create a portrait of the family. Abigail, stuck in a troubled and often distant marriage, frequently leaned on her daughters for financial and emotional support, and none more than Alcott. By age 8, Alcott was no longer in school, her help too important at home. By 15, she was in the workforce—as a maid, teacher and nanny. By 19, she was selling poems and stories, and gradually became the head of the household. </p>
    
    <p>But Abigail was also central to her daughter’s career. A fierce advocate of abolition and suffrage, she taught her daughters to believe in their own agency. Recognizing in Alcott her own “wretchedness of spirit,” Abigail felt writing could be a “safety valve” for her daughter’s “smothered sorrow.” With tenderness and warmth, Abigail encouraged Alcott to find her voice. Her efforts, echoed in those of <em>Little Women</em>’s Marmee with Jo, helped her daughter deliver one of the most beloved stories of the 19th century.</p>
    
    <byline>Dafna Izenberg</byline>
    
 
    <p>MACLEAN’S BESTSELLERS</p>
     <byline>Compiled by Brian Bethune</byline>
    
 
    <p>		FICTION</p>
    
    <p>	1.	DEAR LIFE <em>Alice Munro</em>	1 (11) </p>
    
    <p>	2.	419 <em>Will Ferguson</em>	2 (10)</p>
    
    <p>	3.	A WEEK IN WINTER <em>Maeve Binchy</em> 4 (6)</p>
    
    <p>	4.	REVENGE OF THE VINYL CAFE <em>Stuart McLean</em> 8 (11) 		  </p>
    
     <p>	5.	THE CASUAL VACANCY <em>J.K. Rowling</em> 5 (13) 	</p>
     
     <p>	6.	THE RACKETEER <em>John Grisham</em> 10 (9)</p>
    
    <p>	7.	FLIGHT BEHAVIOR <em>Barbara Kingsolver</em> 7 (5) 		  </p>
    
     <p>	8.	SWEET TOOTH <em>Ian McEwan</em> 6 (17)</p>
    
    <p>	9.	THE PURCHASE <em>Linda Spalding</em> 3 (8) 		  </p>
    
     <p>	10.	THIS IS HOW YOU LOSE HER <em>Junot Díaz</em> (1) 		  </p>
     
     <p>NON-FICTION</p>
    
    <p>1.	WAGING HEAVY PEACE <em>Neil Young</em> 6 (13) 	   </p>
    
     <p>	2.	I’M YOUR MAN <em>Sylvie Simmons</em> 1 (10) 		   </p>
     
     <p>	3.	A NATION WORTH RANTING ABOUT 10 (2) 		<em>Rick Mercer</em>
   </p>
   
     <p>	4.	ASSHOLES: A THEORY <em>Aaron James</em> 7 (8) 		   </p>
   
     <p>	5.	IRON CURTAIN <em>Anne Applebaum</em> 9 (3) 		</p>
     
     <p>	6.	THE PATRIARCH <em>David Nasaw</em> 5 (5)</p>
     
    
    <p>	7.	HALLUCINATIONS <em>Oliver Sacks</em> (1)</p>
    
    <p>	8.	THE LAST LION <em>William Manchester and Paul Reid</em> 3 (8) 	 </p>
    
     <p>	9.	PATRICK LEIGH FERMOR <em>Artemis Cooper</em> 8 (4) 		 </p>
     
     <p>	10.	1982 <em>Jian Ghomeshi</em> 4 (15)</p>
    
    <p>	LAST WEEK (WEEKS ON LIST)</p>
    
    <em>ON THE WEB: Visit our Bookmarked blog for news and reviews on all things literary at macleans.ca/books</em>
    
 </body.content>
    
</body></nitf>
