<?xml version="1.0" encoding="utf-8"?>
<!DOCTYPE nitf
 SYSTEM "http://www.nitf.org/IPTC/NITF/3.3/specification/dtd/nitf-3-3.dtd">
<nitf version="-//IPTC//DTD NITF 3.3//EN" change.date="June 10, 2005" change.time="19:30" id="art-158632005"> <head><title></title>
 <meta name="Author" content="Jaime J. Weinman"/>
 <meta name="Editor" content=""/>
<meta name="PublisherName" content="Maclean's"/>
 <meta name="Subject1" content="Boy meets world, grows up and has a baby"/>
 <meta name="Subject2" content="The reboot of the ’90s sitcom will focus on Cory and Topanga’s daughter"/>
 <meta name="Subject3" content=""/>
 <meta name="Subject4" content=""/>
 <meta name="Subject5" content=""/>
 <meta name="Industry" content=""/>
 <meta name="Industry" content=""/>
 <tobject/>
 <docdata>
 <correction/>
 <doc-id/>
 <date.issue norm="20130102" />
 <date.release norm= "20131214" />
 <date.expire/>
 <doc-scope/>
 <series/>
 <key-list/>
</docdata>
	 
 <pubdata date.publication="20131214" name="Maclean's" number="01" volume="126" edition.area="" position.section="Maclean's Back Pages" position.sequence="71" />
 <revision-history/>
</head>
<body>
  
  <sections>TV</sections>
    
  <body.head>
    <hedline>Boy meets world, grows up and has a baby</hedline>
    
    <abstract>The reboot of the ’90s sitcom will focus on Cory and Topanga’s daughter</abstract>
    
     <byline>Jaime J. Weinman</byline>
    
 </body.head>
    
  <photo href="file://images/MAC53_BOYMEETSWORLD01.jpg"/>
    
  <photo.caption>Next generation: Disney took notice of Boy Meets World’s huge online fan base and commissioned a pilot for a sequel series</photo.caption>
    
  <photo.byline>Touchstone Television/Everett Collection</photo.byline>
    
  <body.content>
    <p>Like many people in their 20s and 30s, Laura Hughes is excited about the new incarnation of the ’90s sitcom <em>Boy Meets World</em>. Hughes, a writer of young-adult novels who started publishing online reviews of the show in 2003 as a college freshman, is one of the fans who turned the coming-of-age story of a boy named Cory from a minor ’90s series into a franchise: Disney has taken note of its huge online fan base and commissioned a pilot for a sequel series. “I have high hopes for <em>Girl Meets World</em> if it understands why we love <em>Boy Meets World</em>,” says Hughes, who is based in Massachusetts. Who would have thought there’d be such a following for a show about a boy with a girlfriend named Topanga?</p>
    
    <p>Since the news broke that both Ben Savage (Cory) and Danielle Fishel (Topanga) have signed up to appear in <em>Girl Meets World,</em>a show about their characters’ daughter, the pilot has had more coverage than many shows that are actually on the air. When Rider Strong, who played Cory’s best friend, Shawn, announced on his website that he had “no official involvement” in the sequel, it was picked up by major gossip outlets like <em>TMZ</em>, <em>Perez Hilton</em> and <em>Salon</em>. Jeff Menell, a writer on the show for all seven seasons, says the “emotional response” to the announcement has made him realize “the amazing and enormous impact <em>Boy Meets World</em> had.” </p>
    
    <p>Usually a show that gets a sequel series was a phenomenon in its own time, like <em>Dallas</em>. But <em>Boy Meets World</em> was mostly ignored when it was part of ABC’s kid-friendly “TGIF” lineup from 1993 to 2000. “We never felt we got the respect we deserved,” says Menell. But when it went into reruns, it exploded. Like many fans, Hughes got hooked later. “I was thinking I might write an article for my comedy website,” she explains. “Before I knew it, I’d reached a level of massive obsession.”</p>
    
    <p>She’s not the only one. Menell recalls a recent incident where a coat-check girl saw the <em>Boy Meets World</em> logo on his jacket “and went nuts. She was a huge fan. It was a cool moment that got a second’s worth of respect from my usually unimpressed buddies.” And apart from getting millions of views for its episodes on YouTube, the show has inspired tributes usually reserved for classics. Last year, the gaming website <em>IGN</em> ran an article called “Lessons learned from<em> Boy Meets World</em>,” and in October, <em>Hollywood.com</em> writer Matt Patches published a 2,700-word oral history of the episode in which the characters dream they’re all being killed by a slasher. “There hasn’t been a great family sitcom since,” Patches insists.</p>
    
    <p>Why would a low-budget sitcom with huge ’90s phones become a cultural touchstone in 2013? Hughes thinks it’s because “the creative team got a little loopy,” writing meta-humorous jokes for older fans. She points to the one where Cory’s crazy brother Eric “joins the cast of the gentle family sitcom <em>Kid Gets Acquainted With Universe</em>,” or the one where “Shawn spends an entire episode looking disturbingly hot in drag.” These surreal moments gave the show more hip cachet than other TGIF sitcoms like <em>Full House</em>. </p>
    
    <p>That doesn’t mean <em>Girl Meets World</em>is a sure hit; its style might be out of place 20 years on. <em>Boy Meets World</em> had grown-up jokes because it aired on ABC, and Menell says it was also “about the parents. It was about the teachers.” The sequel will be on the Disney Channel, where most shows are what Patches calls “niche entertainment” for today’s kids, who haven’t heard of Cory or his wise teacher Mr. Feeny. </p>
    
    <p>Hughes points to Canada’s <em>Degrassi: The Next Generation</em> as an example of how to bring modern kids into the fold. It brought back some of the original cast, but “used them sparingly, instead allowing the new kids plenty of room to come into their own. <em>Girl Meets World</em>will have to do the same.” Even if it doesn’t, the buzz around it may have cemented the old show’s unlikely icon status. It seems that way to Menell, whose contributions to the original series included the slasher parody and an episode where Eric disguises himself as a tree. “I always loved my time on <em>Boy Meets World</em>,” he says. “But now I have a new-found pride about it all.”   </p>
    
 </body.content>
    
</body></nitf>
