<?xml version="1.0" encoding="utf-8"?>
<!DOCTYPE nitf
 SYSTEM "http://www.nitf.org/IPTC/NITF/3.3/specification/dtd/nitf-3-3.dtd">
<nitf version="-//IPTC//DTD NITF 3.3//EN" change.date="June 10, 2005" change.time="19:30" id="art-158632005"> <head><title></title>
 <meta name="Author" content=""/>
 <meta name="Editor" content=""/>
<meta name="PublisherName" content="Maclean's"/>
 <meta name="Subject1" content="Now Available:  The best of The End"/>
 <meta name="Subject2" content=""/>
 <meta name="Subject3" content=""/>
 <meta name="Subject4" content=""/>
 <meta name="Subject5" content=""/>
 <meta name="Industry" content=""/>
 <meta name="Industry" content=""/>
 <tobject/>
 <docdata>
 <correction/>
 <doc-id/>
 <date.issue norm="20130102" />
 <date.release norm= "20131214" />
 <date.expire/>
 <doc-scope/>
 <series/>
 <key-list/>
</docdata>
	 
 <pubdata date.publication="20131214" name="Maclean's" number="01" volume="126" edition.area="" position.section="Web" position.sequence="5" />
 <revision-history/>
</head>
<body>
  
  <body.head>
  
  <hedline>Now Available:  The best of The End</hedline>
  
  </body.head>
    
  <body.content>
  
    <p>A collection of the best, most moving obituaries from <em>Maclean’s</em> in 2012 as  	they appeared on our hugely popular final page, The End</p>
    
     <p>Always surprising and poignant, these obituaries feature an eclectic mix of  	ordinary Canadians whose deaths were often emblematic of the way  	they lived</p>
     
     <p>Get it wherever ebooks are sold</p>
    </body.content>
    
</body></nitf>
