<?xml version="1.0" encoding="utf-8"?>
<!DOCTYPE nitf
 SYSTEM "http://www.nitf.org/IPTC/NITF/3.3/specification/dtd/nitf-3-3.dtd">
<nitf version="-//IPTC//DTD NITF 3.3//EN" change.date="June 10, 2005" change.time="19:30" id="art-158632005"> <head><title></title>
 <meta name="Author" content="Colin Campbell"/>
 <meta name="Editor" content=""/>
<meta name="PublisherName" content="Maclean's"/>
 <meta name="Subject1" content="The other Korean crisis"/>
 <meta name="Subject2" content=""/>
 <meta name="Subject3" content=""/>
 <meta name="Subject4" content=""/>
 <meta name="Subject5" content=""/>
 <meta name="Industry" content=""/>
 <meta name="Industry" content=""/>
 <tobject/>
 <docdata>
 <correction/>
 <doc-id/>
 <date.issue norm="20130130" />
 <date.release norm= "20130211" />
 <date.expire/>
 <doc-scope/>
 <series/>
 <key-list/>
</docdata>
	 
 <pubdata date.publication="20130211" name="Maclean's" number="05" volume="126" edition.area="" position.section="Business" position.sequence="46" />
 <revision-history/>
</head>
<body>
  <sections>Business</sections>
    
  <body.head>
<slug>Auto Industry </slug>
    
    <hedline>The other Korean crisis</hedline>

     <byline>Colin Campbell</byline>

  </body.head>
 
  <body.content>
  
   
 
     
 
    <p>Last year, Hyundai, along with Kia, which it partly owns, admitted it had overstated fuel-efficiency ratings on some new cars and promised to compensate buyers. This week, the carmakers revealed just how much the error will cost. They have set aside nearly half a billion dollars (US$225 million for Hyundai and US$187 million for Kia). The hit comes at an already tough time for the South Korean companies. While they’ve been enjoying rising sales in North America, one key advantage—favourable exchange rates—is deteriorating fast as the won rises against the dollar and the yen in Japan, home to chief rival Toyota. Last week, Hyundai reported that its quarterly profit fell a surprising 5.5. per cent. Over the past four years, Hyundai was the world’s fastest growing automaker. Now, facing what company chairman Chung Mong Koo calls “a very difficult year,” that streak seems certain to come to an abrupt halt.</p>
    
    
 
    
  </body.content>
    
</body></nitf>
