<?xml version="1.0" encoding="utf-8"?>
<!DOCTYPE nitf
 SYSTEM "http://www.nitf.org/IPTC/NITF/3.3/specification/dtd/nitf-3-3.dtd">
<nitf version="-//IPTC//DTD NITF 3.3//EN" change.date="June 10, 2005" change.time="19:30" id="art-158632005"> <head><title></title>
 <meta name="Author" content=""/>
 <meta name="Editor" content=""/>
<meta name="PublisherName" content="Maclean's"/>
 <meta name="Subject1" content="Venice, from empire to tourist town"/>
 <meta name="Subject2" content="Plus, a new take on Flavius Josephus, Jefferson’s slave brings haute cuisine to America, Diana Vreeland, Elizabethan spies, and a political lyricist"/>
 <meta name="Subject3" content=""/>
 <meta name="Subject4" content=""/>
 <meta name="Subject5" content=""/>
 <meta name="Industry" content=""/>
 <meta name="Industry" content=""/>
 <tobject/>
 <docdata>
 <correction/>
 <doc-id/>
 <date.issue norm="20130109" />
 <date.release norm= "20131221" />
 <date.expire/>
 <doc-scope/>
 <series/>
 <key-list/>
</docdata>
	 
 <pubdata date.publication="20131221" name="Maclean's" number="02" volume="126" edition.area="" position.section="Maclean's Back Pages" position.sequence="56" />
 <revision-history/>
</head>
<body>
 <sections>Books</sections>
 
 <body.head>
 <hedline>Venice, from empire to tourist town</hedline>
 
 <abstract>Plus, a new take on Flavius Josephus, Jefferson’s slave brings haute cuisine to America, Diana Vreeland, Elizabethan spies, and a political lyricist</abstract>
 
 </body.head>
 
 <photo href="file://images/MAC02_BOOKS01.jpg"/>
 
 <photo.caption>‘Venice: A New History’: As Thomas F. Madden’s lively new history makes clear, Venice was always a little ancient and a lot proto-modern</photo.caption>
 
 
 
 <photo.byline>Eric Herchaft/Reporters/Redux</photo.byline>
 
 <body.content>
 
 <p><em>VENICE: A NEW HISTORY </em></p>
 <p>Thomas F. Madden </p>
 
 <p>Western tradition is studded with iconic cities representing moments in time, from Periclean Athens to Victorian London, but none is as protean as Venice. The Italian city is at once: a mudbank shantytown founded by survivors fleeing the fifth-century ruin of the Roman world; the powerful seagoing republic known as <em>La Serenissima</em> (“most serene”), which sent Marco Polo all the way to Cathay, and whose doge annually married the sea by tossing a ring into the Adriatic; Casanova’s art-stuffed city of masques (and masks), so redolent of Poe’s “The Cask of Amontillado”; and the modern Disneyland writ large, sinking under the weight of its millions of tourists. </p>
 
 <p>But none of those images captures Western history as a whole because, as Madden’s lively new history—the first in English in a generation—makes clear, Venice was always integral to Europe and slightly out of sync with it, always a little ancient and a lot proto-modern, even while the rest of the Continent was thoroughly medieval. While mainstream Europe was a collection of agriculture-based feudal states, Venice was an urban capitalist republic, a pioneer in deposit banking and double-entry bookkeeping. </p>
 
 <p>“The first Venetians were Romans,” Madden notes, and they held fast to their roots for over a millennium. The openness of their democracy varied considerably over time, but Venetians never abandoned their republican government or had a less than broad-based ruling elite. Although La Serenissima and the U.S. co-existed for only two decades before Napoleon swept away the former, John Adams, one of the founding fathers of the world’s newest republic, carefully studied the institutions of the world’s oldest. Perhaps he was struck by its system of checks and balances, which makes American political gridlock look streamlined: at one point,Venice required nine groups, consisting of 282 electors chosen largely by lot, just to nominate a doge, a process, writes Madden, “meant to be so cumbersome that only God could influence it.” Rather like the U.S. House of Representatives. </p>
 
 <byline>Brian Bethune</byline>
 
 
 <p><em>A JEW AMONG ROMANS: THE LIFE AND LEGACY OF FLAVIUS JOSEPHUS </em></p>
 <p>Frederic Raphael </p>
 
 <p>The author of <em>The Jewish War</em>—our sole account of the 70 CE destruction of Jerusalem and its temple by the Romans—has always been one of the Ancient World’s most controversial figures. Born Joseph ben Mattathias to a Judean priestly family, Josephus was a leading Jewish general during the first years of the doomed rebellion, but, unlike so many of his contemporaries, he did not die either in battle or—like the martyrs of Masada—by his own hand. Instead, Josephus survived a brutal siege and passed into the hands of the Roman general Vespasian and his son Titus, both later emperors, and so became Titus Flavius Josephus, Roman citizen and adviser to the imperial family. Small wonder two millennia of commentators, Jewish and otherwise, have mostly seen him as an apostate and traitor. </p>
 
 <p>But in the multitalented and prickly Raphael—novelist, classicist and Oscar-winning screenwriter for <em>Darling</em> (1965)—the ancient survivor has found his ideal judge, a man as certain of being a Jew as he is uncertain of the meaning of that fact, much as Josephus himself was. (“There is comedy of a kind,” the 81-year-old Raphael writes, “that the only people who might now insist that I am not really a Jew—since I neither pray nor abstain from forbidden foods—are other Jews.”) </p>
 
 <p>The result is a mesmerizing study that evaluates Josephus’s choices within the context of internecine Jewish strife (both real and polemical) and overwhelming Gentile power. Josephus was the first, Raphael argues, of a long line of Diaspora Jews, from Maimonides to Spinoza, balanced on a similar knife-edge between internal suspicion and outside hatred. Who has the right to judge Josephus, whose works are one long defence of his people and his God (and filled with necessarily subtle denunciations of their persecutors)? asks Raphael. Exile, witness, reluctant loyalist who argued against a suicidal war, less than dependable propagandist for the victorious enemy: Josephus deserves respect. </p>
 
 <byline>Brian Bethune</byline>
  
 
 <p><em>THOMAS JEFFERSON’S CRÈME BRÛLÉE: HOW A FOUNDING FATHER AND HIS SLAVE JAMES HEMINGS INTRODUCED FRENCH CUISINE TO AMERICA </em></p>
 <p>Thomas J. Craughwell </p>
 
 <p>In the summer of 1790, Thomas Jefferson invited James Madison and secretary of the treasury Alexander Hamilton to dinner at Monticello to discuss the federal government assuming individual states’ crippling American Revolution debts. Hamilton was all for it. Madison opposed it. And Jefferson sympathized with both. But he hoped the trio would “find some temperament for the present fever.” And they did, over a lavish meal paired with fine French wines. “So ended one of the most momentous private dinners in American history, and it had been prepared by James Hemings,” writes Craughwell of the founder’s slave. </p>
 
 <p>Never mind Julia Child: Craughwell, working extensively from letters, documents and recipes, chronicles how Jefferson and Hemings introduced French cuisine to America, a new country that knew nothing of truffles, olive oil and champagne, not to mention macaroni. Heartbroken after the death of his wife, Jefferson took the post of minister to France and crossed the Atlantic in 1784 with Hemings, who was brought for the sole purpose of learning to cook—think hollandaise and béchamel—from French chefs. In return for his efforts, Jefferson promised to free Hemings once he’d passed on what he’d learned to an apprentice back at Monticello. In 1796, Jefferson kept his promise. </p>
 
 <p>The book is packed full with gastronomic details, from the colonial diet to what Jefferson planted in the garden behind his home on the Champs-Élysées. And no tale of Jefferson would be complete without acknowledging his moral inconsistencies when it came to slavery. He condemned it as an “abominable crime,” but unlike George Washington, he never freed his slaves in his will. Craughwell skims the surface. But he does provide a glimpse of Jefferson and Hemings’s complicated relationship: in 1801, when Jefferson sent his former slave, now a tavern cook in Baltimore, a letter to see if he’d be his chef at the “President’s House,” Hemings wrote back asking for more details. Jefferson never responded.</p>
 
  <byline>Jessica Allen</byline>
 
 
 <p><em>EMPRESS OF FASHION: A LIFE OF DIANA VREELAND </em></p>
 <p>Amanda Mackenzie Stuart </p>
 
 <p>The fact that style arbiter Diana Vreeland had a famously uneven relationship with what less imaginative people call the truth makes her a challenging, if delicious, subject for biography. But British writer Stuart is clearly equal to the task in this entertaining, authoritative study that reads like a novel begging to be made into a movie. </p>
 
 <p>Vreeland is best known for her 18-year tenure as <em>Vogue</em>’s influential, imperious editor-in-chief in the ’60s and ’70s. But her quest for the escape fashion offers dates to her privileged upbringing in New York. The ugly-duckling daughter of a glamorous, distant mother, young Diana laboured to cultivate a distinctive style that won her friends, celebrity and a too-handsome husband. The couple made a splash in Europe among the likes of Coco Chanel and Cecil Beaton before returning to America, where Diana became notorious for her <em>Harper’s Bazaar</em> “Why Don’t You?” column. (Typical advice: “Why don’t you rinse your blond child’s hair in dead champagne to keep its gold, the way they do in France?”) </p>
 
 <p>Hired at <em>Vogue</em> in 1963, at age 61, Vreeland shocked with her bold choices. Her own eccentricities—fondness for lacquered red walls, a Kabuki-like appearance, and sphinx-like pronouncements (“Pink is the navy blue of India”)—sealed her legend. But fashion is fickle; she was turfed in 1981 but would resurface for one last act: staging blockbuster exhibits for the Costume Institute at the Metropolitan Museum of Art in New York. </p>
 
 <p>Stuart’s deft portrayal is full of context and detail, such as Vreeland’s reaction at hearing president Kennedy had been shot: “My God, Lady Bird [Johnson] in the White House. We can’t use her in the magazine!” Such utterances make her easy to mock, though Stuart never does. Rather, she presents Vreeland as a complex trailblazer—a self-invented woman who put her stamp on modern fashion and thrived professionally into her 70s. And she never stopped, even when she could no longer see the lovely surfaces that had given her life its meaning.</p>
 
 <byline>Anne Kingston</byline>
 
 
 <p><em>THE WATCHERS: A SECRET HISTORY OF THE REIGN OF ELIZABETH I </em></p>
 <p>Stephen Alford </p>
 
 <p>Elizabeth I was the Gloriana, the virgin queen who reigned over England’s Golden Age, the Renaissance of Shakespeare, Sir Francis Drake and Sir Philip Sidney. Yet behind that beautiful facade, her 45 years in power were dogged by threats of invasion, treason and treachery. Her Catholic enemies, both domestic and foreign, were determined to rid Europe of the woman deemed a bastard heretic unworthy of the throne. Her closest advisers, especially spymaster Francis Walsingham, spent considerable time, and a large chunk of the treasury’s gold, stamping out any threat to their sovereign. He planted loyal Protestants within Catholic exile groups as couriers so he could intercept their communications, and even knew about one invasion force’s plans before its top commanders did. </p>
 
 <p>Using letters and documents that have somehow survived from the era, including amazingly frank communications from Walsingham or his minions, Alford weaves an exciting tale of intrigue, mystery and danger from the spies’ and traitors’ points of view. There’s Charles Sledd, an agent who infiltrated priests’ colleges, writing detailed descriptions of Jesuits about to be smuggled into England, allowing them to be hunted down. Thomas Phelippes, one of Walsingham’s best code breakers, carefully lays out evidence for the treasonous guilt of Elizabeth’s cousin, Mary, Queen of Scots. There’s even a letter to Elizabeth in which William Parry, a rather hapless spy turned politician and would-be assassin, tries to explain his actions: “Your Majesty may see by my voluntary confession the dangerous fruits of a discontented mind.” </p>
 
 <p>Against all odds, the spymaster, his agents and successors proved successful. In 1603, Elizabeth died of natural causes in her own bed. Her successor was the son of her cousin, Mary. And, to the dismay of Elizabeth’s enemies, a Protestant.</p>
 
  <byline>Patricia Treble </byline>
 
 
 <p><em>YIP HARBURG: LEGENDARY LYRICIST AND HUMAN RIGHTS ACTIVIST </em></p>
 <p>Harriet Hyman Alonso </p>
 
 <p>Before the ’60s, E.Y. “Yip” Harburg was one of the few American popular songwriters with an openly political bent. The lyricist of such classics as Paper Moon, April in Paris and all the songs from <em>The Wizard of Oz,</em> Harburg was famous for his passionate love lyrics and whimsical language games (such as rhyming “Lydia” with “encyclopedia”). But he was also, as Alonso notes, one of the few major songwriters to “place human rights at the centre of his work.” His first big hit, Brother, Can You Spare a Dime? had a theme that Harburg summed up as “I produce—why don’t I share?” The left-wing New Deal spirit of his work eventually got him blacklisted in Hollywood and attacked by Ayn Rand, for a Second World War song in praise of Russia. </p>
 
 <p>Alonso, who teaches at Harburg’s alma mater, City College in New York, has built much of this biography out of the lyricist’s own words, with long excerpts from previously unpublished interviews. The debacle of <em>Jamaica</em>, a show that became successful only after it was taken away from him, is summed up in seven pages of angry interview quotes (“I felt so brokenhearted about it, I never went back to see it”), and the fear and paranoia of the blacklist era is memorably conveyed in a 1950 letter from Burton Lane, the composer of Harburg’s Broadway hit <em>Finian’s Rainbow</em>, who informs him that producers are calling him a Communist. </p>
 
 <p>Because Alonso mostly limits her own writing to connective tissue, “weaving together” the interviews and providing context and background, the story can sometimes seem a little thin. Though Harburg was a famously difficult man to work with, that only comes out occasionally, as in his bitter opposition to a dark Civil War ballet. But Harburg’s interviews and reprinted lyrics do provide a good introduction to a lyricist who spent his life trying to balance his strong political messages with his belief in “sweet songs with hope and romance.”</p>
 
 <byline>Jaime J. Weinman</byline>
 
 
 <p>MACLEAN’S BESTSELLERS</p>
 <em>Compiled by Brian Bethune</em>
 
 <p>FICTION </p>
 
 <p>1.	<em>DEAR LIFE </em>Alice Munro 	1 (12) </p>
 
 	<p>2.	<em>419</em> Will Ferguson	2 (11) </p>
 	
 	<p>3.	<em>FLIGHT BEHAVIOR</em>Barbara Kingsolver 7 (6) 		</p>
 	
 <p>4.	<em>SWEET TOOTH</em> Ian McEwan 8 (18) </p>
 
 
 <p>	5.	<em>THE CASUAL VACANCY</em> J.K. Rowling 5 (14) 		 </p>
 
 <p>	6.	<em>THE RACKETEER</em> John Grisham 6 (10) </p>
 
 <p>	7.	<em>A WEEK IN WINTER</em> Maeve Binchy 3 (7) </p>
 
 <p>	8.	<em>TWO GRAVES</em> Douglas Preston and Lincoln Child(1) 		</p>
 
 <p>	9.	<em>THE PURCHASE</em> Linda Spalding 9 (9) 		</p>
 
 <p>	10.	<em>GONE GIRL</em> Gillian Flynn (1) </p>
 
 <p>		NON-FICTION </p>
 
 <p>	1.	<em>THE INCONVENIENT INDIAN</em> Thomas King (1) 		</p>
 
 <p>	2.	<em>THE PATRIARCH</em> David Nasaw 6 (6) </p>
 
 <p>	3.	<em>THE WORLD UNTIL YESTERDAY</em> Jared Diamond (1) 		</p>
 
 <p>	4.	<em>WAGING HEAVY PEACE</em> Neil Young 1 (14) 		</p>
 
 <p>	5.	<em>ASSHOLES: A THEORY</em> Aaron James 4 (9) 		</p>
 
 <p>	6.	<em>THE LAST LION</em> William Manchester and Paul Reid 8 (9) 		</p>
 
 <p>	7.	<em>I’M YOUR MAN</em> Sylvie Simmons 2 (11) 		</p>
 
 <p>	8.	<em>THE UNTOLD HISTORY OF THE UNITED STATES</em> Oliver Stone and Peter Kuznick (1) 		</p>
 
 <p>	9.	<em>IRON CURTAIN</em> Anne Applebaum 5 (4) 		 </p>
 
 <p>	10.	<em>1982</em> Jian Ghomeshi 10 (16) </p>
 
 <p>	LAST WEEK (WEEKS ON LIST) </p>
 
 <em>ON THE WEB:</em>
 <p> Visit our Bookmarked blog for news and reviews on all things literary at macleans.ca/books</p>
 
 </body.content>
 
</body></nitf>
